TIME,LAT,LON,SPEED,HEADING
2020-02-07 14:00:00,34.56,130.0,11.5,299.5
2020-02-07 15:00:00,34.66,129.9,11.3,306.8
2020-02-07 16:00:00,34.75,129.6,11.2,301.2
2020-02-07 17:00:00,34.88,129.5,11.8,315.8
2020-02-07 18:00:00,35.0,129.2,12.0,303.0
2020-02-07 19:00:00,35.03,129.2,1.5,309.0
2020-02-07 20:00:00,35.1,129.1,3.9,331.0
2020-02-07 21:00:00,35.1,129.1,0.0,309.8
2020-02-07 22:00:00,35.1,129.1,0.1,294.8
2020-02-07 23:00:00,35.1,129.1,0.0,270.0
2020-02-08 00:00:00,35.1,129.1,0.0,270.0
2020-02-08 01:00:00,35.1,129.1,0.0,270.0
2020-02-08 02:00:00,35.1,129.1,0.1,270.0
2020-02-08 03:00:00,35.1,129.1,0.0,270.0
2020-02-08 04:00:00,35.1,129.1,0.0,254.9
2020-02-08 05:00:00,35.1,129.1,1.1,175.4
2020-02-08 06:00:00,34.97,129.1,2.1,213.6
2020-02-08 07:00:00,34.94,129.1,1.2,164.0
2020-02-08 08:00:00,34.94,129.1,1.6,111.4
2020-02-08 09:00:00,34.94,129.1,1.9,108.4
2020-02-08 10:00:00,34.9,129.1,1.8,92.7
2020-02-08 11:00:00,34.9,129.2,1.7,92.7
2020-02-08 12:00:00,34.9,129.2,1.9,81.2
2020-02-08 13:00:00,34.9,129.2,1.6,87.0
2020-02-08 14:00:00,35.0,129.1,11.5,303.2
2020-02-08 15:00:00,35.03,129.1,0.4,287.2
2020-02-08 16:00:00,35.03,129.1,0.2,280.8
2020-02-08 17:00:00,35.03,129.1,0.2,319.2
2020-02-08 18:00:00,35.03,129.1,0.2,256.2
2020-02-08 19:00:00,35.03,129.1,0.3,240.8
2020-02-08 20:00:00,35.03,129.1,0.4,319.2
2020-02-08 21:00:00,35.03,129.1,0.2,137.4
2020-02-08 22:00:00,35.03,129.1,0.3,92.2
2020-02-08 23:00:00,35.03,129.1,0.3,294.5
2020-02-09 00:00:00,35.03,129.1,0.3,326.2
2020-02-09 01:00:00,35.03,129.1,0.2,224.9
2020-02-09 02:00:00,35.03,129.1,0.2,216.2
2020-02-09 03:00:00,35.03,129.1,0.4,80.1
2020-02-09 04:00:00,35.03,129.1,0.5,19.4
2020-02-09 05:00:00,35.03,129.1,0.3,252.4
2020-02-09 06:00:00,35.03,129.1,0.5,70.1
2020-02-09 07:00:00,35.03,129.1,0.5,217.5
2020-02-09 08:00:00,35.03,129.1,1.0,2.6
2020-02-09 09:00:00,35.03,129.1,0.4,296.5
2020-02-09 10:00:00,35.03,129.1,0.6,225.0
2020-02-09 11:00:00,35.03,129.1,0.3,278.0
2020-02-09 12:00:00,35.03,129.1,0.3,293.0
2020-02-09 13:00:00,35.03,129.1,1.0,249.0
2020-02-09 14:00:00,35.03,129.1,0.8,46.1
2020-02-09 15:00:00,35.03,129.1,0.2,281.5
2020-02-09 16:00:00,35.03,129.1,1.3,168.2
2020-02-09 17:00:00,35.03,129.1,0.4,278.5
2020-02-09 18:00:00,35.03,129.1,0.4,262.8
2020-02-09 19:00:00,35.03,129.1,0.8,187.2
2020-02-09 20:00:00,35.03,129.1,0.8,340.0
2020-02-09 21:00:00,35.03,129.1,0.3,48.7
2020-02-09 22:00:00,35.03,129.1,0.2,293.5
2020-02-09 23:00:00,35.03,129.1,0.2,194.0
2020-02-10 00:00:00,35.03,129.1,0.2,305.8
2020-02-10 01:00:00,35.03,129.1,0.3,76.3
2020-02-10 02:00:00,35.03,129.1,0.4,204.6
2020-02-10 03:00:00,35.03,129.1,0.5,4.5
2020-02-10 04:00:00,35.03,129.1,0.4,355.2
2020-02-10 05:00:00,35.03,129.1,0.8,222.2
2020-02-10 06:00:00,35.03,129.1,0.9,357.5
2020-02-10 07:00:00,35.03,129.1,0.4,300.2
2020-02-10 08:00:00,35.03,129.1,0.3,102.4
2020-02-10 09:00:00,35.03,129.1,0.1,251.4
2020-02-10 10:00:00,35.03,129.1,0.4,259.5
2020-02-10 11:00:00,35.03,129.1,0.3,272.5
2020-02-10 12:00:00,35.03,129.1,0.1,227.0
2020-02-10 13:00:00,35.03,129.1,0.1,291.0
2020-02-10 14:00:00,35.03,129.1,0.1,301.0
2020-02-10 15:00:00,35.03,129.1,0.2,192.0
2020-02-10 16:00:00,35.03,129.1,0.1,3.2
2020-02-10 17:00:00,35.03,129.1,0.4,228.0
2020-02-10 18:00:00,35.03,129.1,0.3,60.8
2020-02-10 19:00:00,35.03,129.1,0.1,51.3
2020-02-10 20:00:00,35.03,129.1,0.2,121.5
2020-02-10 21:00:00,35.03,129.1,0.4,85.0
2020-02-10 22:00:00,35.03,129.1,0.2,122.3
2020-02-10 23:00:00,35.03,129.1,0.1,255.4
2020-02-11 00:00:00,35.03,129.1,0.2,268.8
2020-02-11 01:00:00,35.03,129.1,0.4,196.8
2020-02-11 02:00:00,35.03,129.1,0.3,229.8
2020-02-11 03:00:00,35.03,129.1,0.1,33.0
2020-02-11 04:00:00,35.03,129.1,0.3,9.0
2020-02-11 05:00:00,35.03,129.1,0.3,133.9
2020-02-11 06:00:00,35.03,129.1,0.4,202.1
2020-02-11 07:00:00,35.03,129.1,0.2,239.9
2020-02-11 08:00:00,35.03,129.1,0.2,265.0
2020-02-11 09:00:00,35.03,129.1,0.2,62.5
2020-02-11 10:00:00,35.03,129.1,0.4,226.1
2020-02-11 11:00:00,35.03,129.1,0.6,43.8
2020-02-11 12:00:00,35.1,129.1,10.8,305.8
2020-02-11 13:00:00,35.1,129.1,0.1,259.5
2020-02-11 14:00:00,35.1,129.1,0.0,276.5
2020-02-11 15:00:00,35.1,129.1,0.0,266.2
2020-02-11 16:00:00,35.1,129.1,0.1,265.0
2020-02-11 17:00:00,35.1,129.1,0.0,278.0
2020-02-11 18:00:00,35.1,129.1,9.5,167.2
2020-02-11 19:00:00,34.9,129.0,14.2,211.2
2020-02-11 20:00:00,34.72,128.9,13.8,235.9
2020-02-11 21:00:00,34.56,128.6,14.1,235.6
2020-02-11 22:00:00,34.47,128.4,13.9,256.8
2020-02-11 23:00:00,34.4,128.1,13.9,266.2
2020-02-12 00:00:00,34.34,127.9,13.6,244.9
2020-02-12 01:00:00,34.25,127.6,13.8,243.2
2020-02-12 02:00:00,34.16,127.4,13.7,255.8
2020-02-12 03:00:00,34.12,127.1,13.4,262.5
2020-02-12 04:00:00,34.1,126.8,12.7,263.2
2020-02-12 05:00:00,34.1,126.6,10.9,282.8
2020-02-12 06:00:00,34.1,126.4,12.4,271.0
2020-02-12 07:00:00,34.12,126.1,12.3,272.2
2020-02-12 08:00:00,34.12,125.9,12.3,265.5
2020-02-12 09:00:00,34.2,125.7,11.9,353.5
2020-02-12 10:00:00,34.4,125.6,12.9,353.0
2020-02-12 11:00:00,34.62,125.6,13.9,352.5
2020-02-12 12:00:00,34.84,125.56,14.9,359.5
2020-02-12 13:00:00,35.1,125.6,16.0,14.1
2020-02-12 14:00:00,35.38,125.7,16.3,10.8
2020-02-12 15:00:00,35.62,125.75,16.0,11.2
2020-02-12 16:00:00,35.9,125.8,14.7,335.0
2020-02-12 17:00:00,36.0,125.56,12.0,276.2
2020-02-12 18:00:00,36.03,125.56,0.9,24.2
2020-02-12 19:00:00,36.03,125.56,0.2,42.0
2020-02-12 20:00:00,36.03,125.56,0.8,187.8
2020-02-12 21:00:00,36.0,125.56,1.2,191.6
2020-02-12 22:00:00,35.97,125.56,1.5,187.2
2020-02-12 23:00:00,35.97,125.56,1.5,175.8
2020-02-13 00:00:00,35.94,125.56,0.9,142.4
2020-02-13 01:00:00,35.94,125.56,1.1,85.2
2020-02-13 02:00:00,35.94,125.6,1.3,81.4
2020-02-13 03:00:00,35.94,125.6,1.7,60.6
2020-02-13 04:00:00,35.97,125.7,1.6,54.5
2020-02-13 05:00:00,35.97,125.7,1.3,43.3
2020-02-13 06:00:00,36.0,125.7,0.7,32.4
2020-02-13 07:00:00,36.03,125.7,12.7,307.2
2020-02-13 08:00:00,36.12,125.5,1.2,242.1
2020-02-13 09:00:00,36.1,125.5,0.6,232.1
2020-02-13 10:00:00,36.1,125.5,0.8,215.9
2020-02-13 11:00:00,36.1,125.5,0.7,205.5
2020-02-13 12:00:00,36.06,125.5,0.5,152.4
2020-02-13 13:00:00,36.06,125.5,0.5,59.1
2020-02-13 14:00:00,36.1,125.5,1.1,42.7
2020-02-13 15:00:00,36.1,125.5,1.7,32.8
2020-02-13 16:00:00,36.12,125.56,1.7,24.1
2020-02-13 17:00:00,36.16,125.56,1.7,10.4
2020-02-13 18:00:00,36.2,125.56,1.5,3.8
2020-02-13 19:00:00,36.2,125.56,1.1,343.0
2020-02-13 20:00:00,36.22,125.56,1.2,302.8
2020-02-13 21:00:00,36.22,125.5,0.8,257.5
2020-02-13 22:00:00,36.22,125.5,0.9,234.6
2020-02-13 23:00:00,36.2,125.5,2.7,214.9
2020-02-14 00:00:00,36.3,125.6,11.2,43.0
2020-02-14 01:00:00,36.47,125.8,11.1,37.0
2020-02-14 02:00:00,36.62,125.94,11.4,23.6
2020-02-14 03:00:00,36.8,126.0,12.5,29.1
2020-02-14 04:00:00,37.0,126.2,14.1,55.5
2020-02-14 05:00:00,37.12,126.4,13.1,38.0
2020-02-14 06:00:00,37.1,126.56,9.5,119.4
2020-02-14 07:00:00,37.0,126.75,10.5,102.0
2020-02-14 08:00:00,36.97,126.8,0.0,4.1
2020-02-14 09:00:00,36.97,126.8,0.0,4.1
2020-02-14 10:00:00,36.97,126.8,0.0,4.1
2020-02-14 11:00:00,36.97,126.8,0.0,4.1
2020-02-14 12:00:00,36.97,126.8,0.0,4.1
2020-02-14 13:00:00,36.97,126.8,0.1,4.1
2020-02-14 14:00:00,36.97,126.8,0.0,316.0
2020-02-14 15:00:00,36.97,126.8,0.0,316.0
2020-02-14 16:00:00,36.97,126.8,0.0,314.0
2020-02-14 17:00:00,36.97,126.8,5.1,297.5
2020-02-14 18:00:00,37.1,126.6,12.3,310.2
2020-02-14 19:00:00,37.16,126.4,13.1,269.5
2020-02-14 20:00:00,37.0,126.2,13.1,233.2
2020-02-14 21:00:00,36.9,125.94,14.7,229.8
2020-02-14 22:00:00,36.78,125.7,15.1,265.8
2020-02-14 23:00:00,36.9,125.44,14.0,306.5
2020-02-15 00:00:00,37.06,125.2,14.0,303.8
2020-02-15 01:00:00,37.2,124.94,13.4,298.5
2020-02-15 02:00:00,37.28,124.7,12.6,296.5
2020-02-15 03:00:00,37.38,124.5,12.0,296.2
2020-02-15 04:00:00,37.47,124.25,12.1,299.5
2020-02-15 05:00:00,37.56,124.0,12.4,298.0
2020-02-15 06:00:00,37.66,123.8,12.6,297.2
2020-02-15 07:00:00,37.75,123.56,12.7,297.2
2020-02-15 08:00:00,37.88,123.3,13.1,299.0
2020-02-15 09:00:00,37.97,123.1,13.3,298.5
2020-02-15 10:00:00,38.03,122.94,13.2,309.2
2020-02-15 11:00:00,38.22,122.7,13.3,310.2
2020-02-15 12:00:00,38.22,122.7,13.305,310.8
2020-02-15 13:00:00,38.25,122.7,13.31,311.2
2020-02-15 14:00:00,38.25,122.7,13.32,312.0
2020-02-15 15:00:00,38.25,122.6,13.32,312.5
2020-02-15 16:00:00,38.25,122.6,13.33,313.0
2020-02-15 17:00:00,38.28,122.6,13.336,313.5
2020-02-15 18:00:00,38.28,122.6,13.34,314.0
2020-02-15 19:00:00,38.28,122.6,13.35,314.8
2020-02-15 20:00:00,38.28,122.6,13.36,315.2
2020-02-15 21:00:00,38.3,122.6,13.37,315.8
2020-02-15 22:00:00,38.3,122.6,13.375,316.2
2020-02-15 23:00:00,38.3,122.56,13.375,316.8
2020-02-16 00:00:00,38.3,122.56,13.38,317.2
2020-02-16 01:00:00,38.34,122.56,13.39,318.0
2020-02-16 02:00:00,38.34,122.56,13.4,318.5
2020-02-16 03:00:00,38.34,122.56,13.41,319.0
2020-02-16 04:00:00,38.34,122.56,13.414,319.5
2020-02-16 05:00:00,38.38,122.56,13.42,320.0
2020-02-16 06:00:00,38.38,122.5,13.42,320.8
2020-02-16 07:00:00,38.38,122.5,13.43,321.2
2020-02-16 08:00:00,38.38,122.5,13.44,321.8
2020-02-16 09:00:00,38.4,122.5,13.445,322.2
2020-02-16 10:00:00,38.4,122.5,13.45,322.8
2020-02-16 11:00:00,38.4,122.5,13.46,323.5
2020-02-16 12:00:00,38.4,122.5,13.47,324.0
2020-02-16 13:00:00,38.44,122.44,13.47,324.5
2020-02-16 14:00:00,38.44,122.44,13.48,325.0
2020-02-16 15:00:00,38.44,122.44,13.484,325.5
2020-02-16 16:00:00,38.44,122.44,13.49,326.2
2020-02-16 17:00:00,38.47,122.44,13.5,326.8
2020-02-16 18:00:00,38.47,122.44,13.51,327.2
2020-02-16 19:00:00,38.47,122.44,13.516,327.8
2020-02-16 20:00:00,38.5,122.44,13.52,328.2
2020-02-16 21:00:00,38.5,122.4,13.52,328.8
2020-02-16 22:00:00,38.5,122.4,13.53,329.5
2020-02-16 23:00:00,38.5,122.4,13.54,330.0
2020-02-17 00:00:00,38.53,122.4,13.55,330.5
2020-02-17 01:00:00,38.53,122.4,13.555,331.0
2020-02-17 02:00:00,38.53,122.4,13.56,331.5
2020-02-17 03:00:00,38.53,122.4,13.57,332.2
2020-02-17 04:00:00,38.56,122.3,13.57,332.8
2020-02-17 05:00:00,38.56,122.3,13.58,333.2
2020-02-17 06:00:00,38.56,122.3,13.586,333.8
2020-02-17 07:00:00,38.56,122.3,13.59,334.2
2020-02-17 08:00:00,38.6,122.3,13.6,335.0
2020-02-17 09:00:00,38.6,122.3,13.61,335.5
2020-02-17 10:00:00,38.6,122.3,13.62,336.0
2020-02-17 11:00:00,38.6,122.3,13.625,336.5
2020-02-17 12:00:00,38.62,122.25,13.625,337.0
2020-02-17 13:00:00,38.62,122.25,13.63,337.8
2020-02-17 14:00:00,38.62,122.25,13.64,338.2
2020-02-17 15:00:00,38.62,122.25,13.65,338.8
2020-02-17 16:00:00,38.66,122.25,13.66,339.2
2020-02-17 17:00:00,38.66,122.25,13.664,339.8
2020-02-17 18:00:00,38.66,122.25,13.67,340.5
2020-02-17 19:00:00,38.66,122.2,13.67,341.0
2020-02-17 20:00:00,38.7,122.2,13.68,341.5
2020-02-17 21:00:00,38.7,122.2,13.69,342.0
2020-02-17 22:00:00,38.7,122.2,13.695,342.5
2020-02-17 23:00:00,38.72,122.2,13.7,343.0
2020-02-18 00:00:00,38.72,122.2,13.71,343.8
2020-02-18 01:00:00,38.72,122.2,13.72,344.2
2020-02-18 02:00:00,38.72,122.2,13.73,344.8
2020-02-18 03:00:00,38.75,122.1,13.73,345.2
2020-02-18 04:00:00,38.75,122.1,13.734,345.8
2020-02-18 05:00:00,38.75,122.1,13.74,346.5
2020-02-18 06:00:00,38.75,122.1,13.75,347.0
2020-02-18 07:00:00,38.78,122.1,13.76,347.5
2020-02-18 08:00:00,38.78,122.1,13.766,348.0
2020-02-18 09:00:00,38.78,122.1,13.77,348.5
2020-02-18 10:00:00,38.78,122.06,13.77,349.2
2020-02-18 11:00:00,38.8,122.06,13.78,349.8
2020-02-18 12:00:00,38.8,122.06,13.79,350.2
2020-02-18 13:00:00,38.8,122.06,13.8,350.8
2020-02-18 14:00:00,38.8,122.06,13.805,351.2
2020-02-18 15:00:00,38.84,122.06,13.81,352.0
2020-02-18 16:00:00,38.84,122.06,13.82,352.5
2020-02-18 17:00:00,38.84,122.0,13.82,353.0
2020-02-18 18:00:00,38.84,122.0,13.83,353.5
2020-02-18 19:00:00,38.88,122.0,13.836,354.0
2020-02-18 20:00:00,38.88,122.0,13.84,354.5
2020-02-18 21:00:00,38.88,122.0,13.85,355.2
2020-02-18 22:00:00,38.88,122.0,13.86,355.8
2020-02-18 23:00:00,38.9,122.0,13.87,356.2
2020-02-19 00:00:00,38.9,122.0,13.875,356.8
2020-02-19 01:00:00,38.9,121.94,13.875,357.2
2020-02-19 02:00:00,38.9,121.94,13.88,358.0
2020-02-19 03:00:00,38.94,121.94,13.89,358.5
2020-02-19 04:00:00,38.94,121.94,13.9,359.0
2020-02-19 05:00:00,38.97,121.9,6.95,283.0
2020-02-19 06:00:00,39.0,121.9,0.0,207.0
2020-02-19 07:00:00,39.0,121.9,0.05,282.2
2020-02-19 08:00:00,39.0,121.9,0.1,357.5
2020-02-19 09:00:00,39.0,121.9,0.1,285.0
2020-02-19 10:00:00,39.0,121.9,0.0,285.0
2020-02-19 11:00:00,39.0,121.9,0.0,316.2
2020-02-19 12:00:00,39.0,121.9,0.0,253.0
2020-02-19 13:00:00,39.0,121.9,0.0,189.8
2020-02-19 14:00:00,39.0,121.9,0.0,126.5
2020-02-19 15:00:00,39.0,121.9,0.0,63.25
2020-02-19 16:00:00,39.0,121.9,0.0,0.0
2020-02-19 17:00:00,39.0,121.9,0.0,0.0
2020-02-19 18:00:00,39.0,121.9,0.0,0.0
2020-02-19 19:00:00,39.0,121.9,0.0,0.0
2020-02-19 20:00:00,39.0,121.9,0.0,0.0
2020-02-19 21:00:00,39.0,121.9,0.0,0.0
2020-02-19 22:00:00,39.0,121.9,0.0,0.0
2020-02-19 23:00:00,39.0,121.9,0.0,0.0
2020-02-20 00:00:00,39.0,121.9,0.0,0.0
2020-02-20 01:00:00,39.0,121.9,0.0,0.0
2020-02-20 02:00:00,39.0,121.9,0.0,0.0
2020-02-20 03:00:00,39.0,121.9,1.1,215.6
2020-02-20 04:00:00,39.0,121.9,0.1,334.2
2020-02-20 05:00:00,39.0,121.9,0.2,211.9
2020-02-20 06:00:00,39.0,121.9,5.2,4.0
2020-02-20 07:00:00,38.8,121.94,13.5,151.6
2020-02-20 08:00:00,38.66,122.1,13.2,142.0
2020-02-20 09:00:00,38.5,122.3,12.9,132.4
2020-02-20 10:00:00,38.47,122.3,13.0,132.8
2020-02-20 11:00:00,38.2,122.75,13.6,131.8
2020-02-20 12:00:00,38.03,122.94,13.3,132.8
2020-02-20 13:00:00,37.94,123.2,12.4,117.8
2020-02-20 14:00:00,37.84,123.44,12.0,116.0
2020-02-20 15:00:00,37.84,123.44,12.0,115.5
2020-02-20 16:00:00,37.66,123.9,11.1,126.6
2020-02-20 17:00:00,37.56,124.06,11.0,120.2
2020-02-20 18:00:00,37.47,124.25,11.0,118.7
2020-02-20 19:00:00,37.38,124.44,11.4,119.2
2020-02-20 20:00:00,37.28,124.7,11.9,120.0
2020-02-20 21:00:00,37.2,124.94,12.1,118.0
2020-02-20 22:00:00,37.1,125.1,12.5,117.1
2020-02-20 23:00:00,37.0,125.4,11.8,115.0
2020-02-21 00:00:00,36.94,125.56,11.3,114.1
2020-02-21 01:00:00,36.9,125.8,11.7,73.4
2020-02-21 02:00:00,36.97,126.06,11.3,74.6
2020-02-21 03:00:00,37.03,126.25,10.6,59.7
2020-02-21 04:00:00,37.12,126.44,9.7,89.2
2020-02-21 05:00:00,37.1,126.6,10.9,132.2
2020-02-21 06:00:00,37.0,126.8,9.4,101.9
2020-02-21 07:00:00,36.97,126.8,0.0,335.0
2020-02-21 08:00:00,36.97,126.8,0.0,335.0
2020-02-21 09:00:00,36.97,126.8,0.0,335.0
2020-02-21 10:00:00,36.97,126.8,0.0,335.0
2020-02-21 11:00:00,36.97,126.8,0.0,335.0
2020-02-21 12:00:00,36.97,126.8,0.0,335.0
2020-02-21 13:00:00,36.97,126.8,0.0,167.8
2020-02-21 14:00:00,36.97,126.8,0.0,167.8
2020-02-21 15:00:00,36.97,126.8,0.0,167.8
2020-02-21 16:00:00,36.97,126.8,0.0,167.8
2020-02-21 17:00:00,37.1,126.6,14.6,313.5
2020-02-21 18:00:00,37.1,126.3,15.4,218.5
2020-02-21 19:00:00,36.97,126.06,15.1,252.5
2020-02-21 20:00:00,36.88,125.8,14.4,249.4
2020-02-21 21:00:00,36.94,125.5,13.6,296.0
2020-02-21 22:00:00,37.03,125.3,12.5,298.8
2020-02-21 23:00:00,37.12,125.06,11.6,297.8
2020-02-22 00:00:00,37.22,124.9,11.7,298.0
2020-02-22 01:00:00,37.3,124.6,12.1,307.8
2020-02-22 02:00:00,37.4,124.44,12.7,298.2
2020-02-22 03:00:00,37.53,124.2,13.0,300.5
2020-02-22 04:00:00,37.62,123.94,13.0,297.2
2020-02-22 05:00:00,37.72,123.7,13.1,298.0
2020-02-22 06:00:00,37.84,123.44,13.2,297.0
2020-02-22 07:00:00,37.94,123.25,13.3,299.0
2020-02-22 08:00:00,37.97,123.1,13.2,298.8
2020-02-22 09:00:00,38.0,123.06,13.11,291.5
2020-02-22 10:00:00,38.03,123.06,13.02,284.2
2020-02-22 11:00:00,38.06,123.0,12.93,277.0
2020-02-22 12:00:00,38.1,122.94,12.836,269.8
2020-02-22 13:00:00,38.12,122.9,12.75,262.5
2020-02-22 14:00:00,38.16,122.9,12.66,255.4
2020-02-22 15:00:00,38.2,122.8,12.56,248.1
2020-02-22 16:00:00,38.22,122.75,12.47,240.9
2020-02-22 17:00:00,38.25,122.7,12.38,233.6
2020-02-22 18:00:00,38.28,122.7,12.29,226.4
2020-02-22 19:00:00,38.3,122.6,12.195,219.1
2020-02-22 20:00:00,38.3,122.56,12.11,212.0
2020-02-22 21:00:00,38.34,122.5,12.016,204.8
2020-02-22 22:00:00,38.38,122.5,11.92,197.5
2020-02-22 23:00:00,38.4,122.44,11.836,190.2
2020-02-23 00:00:00,38.44,122.4,11.74,183.0
2020-02-23 01:00:00,38.47,122.3,11.65,175.8
2020-02-23 02:00:00,38.5,122.3,11.555,168.5
2020-02-23 03:00:00,38.53,122.25,11.47,161.2
2020-02-23 04:00:00,38.56,122.2,11.375,154.1
2020-02-23 05:00:00,38.6,122.1,11.28,146.9
2020-02-23 06:00:00,38.62,122.1,11.195,139.6
2020-02-23 07:00:00,38.66,122.06,11.1,132.4
2020-02-23 08:00:00,38.47,122.4,10.8,134.1
2020-02-23 09:00:00,38.4,122.44,10.9,134.6
2020-02-23 10:00:00,38.25,122.6,11.7,131.1
2020-02-23 11:00:00,38.12,122.9,12.5,127.7
2020-02-23 12:00:00,38.03,123.0,12.6,128.0
2020-02-23 13:00:00,37.9,123.25,12.13,125.75
2020-02-23 14:00:00,37.78,123.5,11.67,123.44
2020-02-23 15:00:00,37.66,123.75,11.2,121.2
2020-02-23 16:00:00,37.56,123.94,10.9,110.4
2020-02-23 17:00:00,37.56,124.06,2.6,10.1
2020-02-23 18:00:00,37.6,124.06,2.7,1.2
2020-02-23 19:00:00,37.66,124.06,2.7,358.5
2020-02-23 20:00:00,37.7,124.06,2.1,359.2
2020-02-23 21:00:00,37.7,124.06,11.2,166.4
2020-02-23 22:00:00,37.5,124.1,6.0,200.0
2020-02-23 23:00:00,37.5,124.1,0.8,97.2
2020-02-24 00:00:00,37.5,124.1,1.0,111.0
2020-02-24 01:00:00,37.5,124.2,1.0,94.9
2020-02-24 02:00:00,37.5,124.2,1.2,75.5
2020-02-24 03:00:00,37.5,124.2,1.0,36.4
2020-02-24 04:00:00,37.53,124.2,1.3,7.0
2020-02-24 05:00:00,37.47,124.4,11.7,119.4
2020-02-24 06:00:00,37.34,124.56,11.4,119.2
2020-02-24 07:00:00,37.28,124.8,11.5,110.4
2020-02-24 08:00:00,37.22,125.0,11.6,108.7
2020-02-24 09:00:00,37.16,125.25,12.2,106.5
2020-02-24 10:00:00,37.1,125.5,12.8,106.6
2020-02-24 11:00:00,37.03,125.75,13.4,104.4
2020-02-24 12:00:00,37.0,126.0,13.2,94.9
2020-02-24 13:00:00,37.06,126.3,13.9,57.0
2020-02-24 14:00:00,37.12,126.56,14.1,116.6
2020-02-24 15:00:00,37.0,126.8,13.1,105.4
2020-02-24 16:00:00,36.97,126.8,0.0,358.0
2020-02-24 17:00:00,36.97,126.8,0.0,358.0
2020-02-24 18:00:00,36.97,126.8,0.0,358.0
2020-02-24 19:00:00,36.97,126.8,0.0,358.0
2020-02-24 20:00:00,36.97,126.8,0.0,358.0
2020-02-24 21:00:00,36.97,126.8,0.0,337.8
2020-02-24 22:00:00,36.97,126.8,0.0,337.8
2020-02-24 23:00:00,36.97,126.8,0.0,191.8
2020-02-25 00:00:00,36.97,126.8,0.0,138.8
2020-02-25 01:00:00,36.97,126.8,0.0,138.8
2020-02-25 02:00:00,36.97,126.8,0.0,138.8
2020-02-25 03:00:00,36.97,126.8,0.0,138.8
2020-02-25 04:00:00,36.97,126.8,0.0,138.8
2020-02-25 05:00:00,36.97,126.8,0.0,138.8
2020-02-25 06:00:00,36.97,126.8,0.0,138.8
2020-02-25 07:00:00,36.97,126.8,0.0,138.8
2020-02-25 08:00:00,36.97,126.8,0.0,138.8
2020-02-25 09:00:00,36.97,126.8,0.0,138.8
2020-02-25 10:00:00,36.97,126.8,0.0,138.8
2020-02-25 11:00:00,36.97,126.8,0.0,138.8
2020-02-25 12:00:00,36.97,126.8,0.0,138.8
2020-02-25 13:00:00,36.97,126.8,0.0,138.8
2020-02-25 14:00:00,36.97,126.8,0.0,138.8
2020-02-25 15:00:00,36.97,126.8,0.0,138.8
2020-02-25 16:00:00,36.97,126.8,0.0,138.8
2020-02-25 17:00:00,36.97,126.8,0.0,138.8
2020-02-25 18:00:00,36.97,126.8,0.0,138.8
2020-02-25 19:00:00,36.97,126.8,0.0,138.8
2020-02-25 20:00:00,36.97,126.8,0.0,138.8
2020-02-25 21:00:00,36.97,126.8,0.0,138.8
2020-02-25 22:00:00,36.97,126.8,0.0,138.8
2020-02-25 23:00:00,36.97,126.8,0.0,138.8
2020-02-26 00:00:00,36.97,126.8,0.0,138.8
2020-02-26 01:00:00,36.97,126.8,0.0,138.8
2020-02-26 02:00:00,36.97,126.8,0.0,138.8
2020-02-26 03:00:00,36.97,126.8,0.0,138.8
2020-02-26 04:00:00,36.97,126.8,0.0,138.8
2020-02-26 05:00:00,36.97,126.8,0.0,138.8
2020-02-26 06:00:00,36.97,126.8,0.0,138.8
2020-02-26 07:00:00,36.97,126.8,0.1,138.8
2020-02-26 08:00:00,36.97,126.8,0.0,138.8
2020-02-26 09:00:00,36.97,126.8,0.0,138.8
2020-02-26 10:00:00,36.97,126.8,0.0,138.8
2020-02-26 11:00:00,36.97,126.8,0.0,138.8
2020-02-26 12:00:00,36.97,126.8,0.0,138.8
2020-02-26 13:00:00,36.97,126.8,0.0,138.8
2020-02-26 14:00:00,36.97,126.8,0.0,138.8
2020-02-26 15:00:00,36.97,126.8,0.0,138.8
2020-02-26 16:00:00,36.97,126.8,0.0,138.8
2020-02-26 17:00:00,36.97,126.8,0.0,138.8
2020-02-26 18:00:00,36.97,126.8,0.0,138.8
2020-02-26 19:00:00,36.97,126.8,0.0,138.8
2020-02-26 20:00:00,36.97,126.8,0.0,138.8
2020-02-26 21:00:00,36.97,126.8,0.0,138.8
2020-02-26 22:00:00,36.97,126.8,0.0,138.8
2020-02-26 23:00:00,36.97,126.8,0.0,138.8
2020-02-27 00:00:00,36.97,126.8,0.0,138.8
2020-02-27 01:00:00,36.97,126.8,0.0,138.8
2020-02-27 02:00:00,36.97,126.8,0.0,138.8
2020-02-27 03:00:00,36.97,126.8,0.0,138.8
2020-02-27 04:00:00,36.97,126.8,0.0,138.8
2020-02-27 05:00:00,36.97,126.8,0.0,138.8
2020-02-27 06:00:00,36.97,126.8,0.0,138.8
2020-02-27 07:00:00,36.97,126.8,0.0,138.8
2020-02-27 08:00:00,36.97,126.8,0.0,138.8
2020-02-27 09:00:00,36.97,126.8,0.0,138.8
2020-02-27 10:00:00,36.97,126.8,0.0,138.8
2020-02-27 11:00:00,36.97,126.8,0.0,138.8
2020-02-27 12:00:00,36.97,126.8,0.0,138.8
2020-02-27 13:00:00,36.97,126.8,0.0,138.8
2020-02-27 14:00:00,36.97,126.8,0.0,138.8
2020-02-27 15:00:00,36.97,126.8,0.0,138.8
2020-02-27 16:00:00,36.97,126.8,0.0,138.8
2020-02-27 17:00:00,36.97,126.8,0.0,138.8
2020-02-27 18:00:00,36.97,126.8,0.0,138.8
2020-02-27 19:00:00,36.97,126.8,0.0,138.8
2020-02-27 20:00:00,36.97,126.8,0.0,138.8
2020-02-27 21:00:00,36.97,126.8,0.0,138.8
2020-02-27 22:00:00,36.97,126.8,0.0,138.8
2020-02-27 23:00:00,36.97,126.8,0.0,138.8
2020-02-28 00:00:00,36.97,126.8,0.0,138.8
2020-02-28 01:00:00,36.97,126.8,0.0,138.8
2020-02-28 02:00:00,36.97,126.8,0.0,138.8
2020-02-28 03:00:00,36.97,126.8,0.0,138.8
2020-02-28 04:00:00,36.97,126.8,0.0,138.8
2020-02-28 05:00:00,36.97,126.8,0.0,138.8
2020-02-28 06:00:00,36.97,126.8,0.0,138.8
2020-02-28 07:00:00,36.97,126.8,0.0,138.8
2020-02-28 08:00:00,36.97,126.8,0.0,138.8
2020-02-28 09:00:00,36.97,126.8,0.0,138.8
2020-02-28 10:00:00,36.97,126.8,0.0,319.5
2020-02-28 11:00:00,36.97,126.8,0.0,321.8
2020-02-28 12:00:00,36.97,126.8,0.0,321.8
2020-02-28 13:00:00,36.97,126.8,0.0,314.8
2020-02-28 14:00:00,36.97,126.8,0.0,292.0
2020-02-28 15:00:00,36.97,126.8,0.0,191.8
2020-02-28 16:00:00,36.97,126.8,0.0,191.8
2020-02-28 17:00:00,36.97,126.8,6.9,293.8
2020-02-28 18:00:00,37.1,126.6,13.3,312.8
2020-02-28 19:00:00,37.12,126.4,13.1,221.0
2020-02-28 20:00:00,37.0,126.1,14.5,252.8
2020-02-28 21:00:00,36.9,125.9,15.1,234.6
2020-02-28 22:00:00,36.9,125.56,13.9,301.2
2020-02-28 23:00:00,37.03,125.3,13.8,299.0
2020-02-29 00:00:00,37.12,125.06,13.4,297.8
2020-02-29 01:00:00,37.22,124.8,12.7,297.8
2020-02-29 02:00:00,37.34,124.6,12.4,297.8
2020-02-29 03:00:00,37.44,124.4,12.5,298.2
2020-02-29 04:00:00,37.53,124.1,12.7,297.0
2020-02-29 05:00:00,37.62,123.9,13.0,299.0
2020-02-29 06:00:00,37.75,123.7,13.4,301.2
2020-02-29 07:00:00,37.84,123.44,13.9,300.0
2020-02-29 08:00:00,37.97,123.1,14.0,300.2
2020-02-29 09:00:00,38.1,122.94,14.2,308.8
2020-02-29 10:00:00,38.22,122.75,14.0,313.0
2020-02-29 11:00:00,38.4,122.44,13.6,310.0
2020-02-29 12:00:00,38.56,122.25,13.6,309.0
2020-02-29 13:00:00,38.72,122.0,13.2,327.0
2020-02-29 14:00:00,38.9,121.94,12.6,6.2
2020-02-29 15:00:00,39.0,121.9,0.2,247.9
2020-02-29 16:00:00,39.0,121.9,0.0,280.0
2020-02-29 17:00:00,39.0,121.9,0.0,305.5
2020-02-29 18:00:00,39.0,121.9,0.0,305.5
2020-02-29 19:00:00,39.0,121.9,0.0,308.0
2020-02-29 20:00:00,39.0,121.9,0.0,310.5
2020-02-29 21:00:00,39.0,121.9,0.1,304.5
2020-02-29 22:00:00,39.0,121.9,0.1,141.8
2020-02-29 23:00:00,39.0,121.9,0.1,142.2
2020-03-01 00:00:00,39.0,121.9,0.06665,141.1
2020-03-01 01:00:00,39.0,121.9,0.03333,140.1
2020-03-01 02:00:00,39.0,121.9,0.0,139.0
2020-03-01 03:00:00,39.0,121.9,0.0,124.9
2020-03-01 04:00:00,39.0,121.9,0.1,122.1
2020-03-01 05:00:00,39.0,121.9,0.1,208.2
2020-03-01 06:00:00,39.0,121.9,0.1,294.2
2020-03-01 07:00:00,39.0,121.9,0.0,298.5
2020-03-01 08:00:00,38.88,122.0,4.668,243.6
2020-03-01 09:00:00,38.72,122.06,9.336,188.8
2020-03-01 10:00:00,38.6,122.2,14.0,133.9
2020-03-01 11:00:00,38.47,122.4,13.8,134.1
2020-03-01 12:00:00,38.34,122.6,13.57,131.8
2020-03-01 13:00:00,38.22,122.8,13.34,129.4
2020-03-01 14:00:00,38.1,123.06,13.12,126.94
2020-03-01 15:00:00,37.97,123.25,12.88,124.56
2020-03-01 16:00:00,37.84,123.5,12.66,122.2
2020-03-01 17:00:00,37.72,123.7,12.43,119.75
2020-03-01 18:00:00,37.6,123.94,12.2,117.4
2020-03-01 19:00:00,37.5,124.1,11.8,120.0
2020-03-01 20:00:00,37.4,124.3,11.0,159.6
2020-03-01 21:00:00,37.34,124.4,1.0,85.5
2020-03-01 22:00:00,37.34,124.4,1.1,87.1
2020-03-01 23:00:00,37.34,124.44,1.1,112.4
2020-03-02 00:00:00,37.34,124.44,1.7,131.9
2020-03-02 01:00:00,37.3,124.44,2.2,139.4
2020-03-02 02:00:00,37.28,124.5,2.4,141.0
2020-03-02 03:00:00,37.25,124.5,2.8,136.8
2020-03-02 04:00:00,37.22,124.6,12.3,112.0
2020-03-02 05:00:00,37.16,124.9,12.1,108.6
2020-03-02 06:00:00,37.1,125.06,11.7,117.5
2020-03-02 07:00:00,37.0,125.3,11.7,121.1
2020-03-02 08:00:00,36.9,125.5,11.6,119.6
2020-03-02 09:00:00,36.88,125.75,10.9,89.4
2020-03-02 10:00:00,36.94,125.94,11.0,73.8
2020-03-02 11:00:00,37.0,126.2,11.1,64.1
2020-03-02 12:00:00,37.1,126.3,10.5,41.0
2020-03-02 13:00:00,37.12,126.56,11.6,112.6
2020-03-02 14:00:00,37.0,126.75,11.7,108.3
2020-03-02 15:00:00,36.97,126.8,0.0,56.7
2020-03-02 16:00:00,36.97,126.8,0.0,56.7
2020-03-02 17:00:00,36.97,126.8,0.0,56.7
2020-03-02 18:00:00,36.97,126.8,0.0,56.7
2020-03-02 19:00:00,36.97,126.8,0.0,223.8
2020-03-02 20:00:00,36.97,126.8,0.1,325.5
2020-03-02 21:00:00,36.97,126.8,0.0,324.8
2020-03-02 22:00:00,36.97,126.8,0.0,174.1
2020-03-02 23:00:00,36.97,126.8,0.0,174.1
2020-03-03 00:00:00,37.0,126.75,11.0,299.5
2020-03-03 01:00:00,37.12,126.56,11.2,300.5
2020-03-03 02:00:00,37.12,126.4,11.1,222.0
2020-03-03 03:00:00,37.0,126.2,10.2,234.0
2020-03-03 04:00:00,36.94,126.0,9.8,245.9
2020-03-03 05:00:00,36.84,125.8,9.3,242.0
2020-03-03 06:00:00,36.84,125.7,13.1,15.3
2020-03-03 07:00:00,36.9,125.75,0.2,273.8
2020-03-03 08:00:00,36.9,125.7,0.2,251.8
2020-03-03 09:00:00,36.9,125.7,0.1,229.4
2020-03-03 10:00:00,36.9,125.7,0.1,302.5
2020-03-03 11:00:00,36.9,125.7,0.0,134.2
2020-03-03 12:00:00,36.9,125.7,0.1,287.5
2020-03-03 13:00:00,36.9,125.7,0.1,125.1
2020-03-03 14:00:00,36.9,125.75,0.2,355.0
2020-03-03 15:00:00,36.9,125.75,0.1,327.5
2020-03-03 16:00:00,36.9,125.75,0.1,308.5
2020-03-03 17:00:00,36.9,125.75,0.1,60.1
2020-03-03 18:00:00,36.9,125.75,0.1,13.2
2020-03-03 19:00:00,36.9,125.75,0.0,310.0
2020-03-03 20:00:00,36.9,125.75,0.1,339.0
2020-03-03 21:00:00,36.9,125.75,0.2,136.9
2020-03-03 22:00:00,36.9,125.7,0.1,272.5
2020-03-03 23:00:00,36.9,125.7,0.1,272.5
2020-03-04 00:00:00,36.9,125.7,0.1,154.2
2020-03-04 01:00:00,36.9,125.75,0.1,17.8
2020-03-04 02:00:00,36.9,125.75,0.1,340.5
2020-03-04 03:00:00,36.9,125.75,0.1,1.6
2020-03-04 04:00:00,36.9,125.75,0.3,10.7
2020-03-04 05:00:00,36.9,125.75,0.5,30.2
2020-03-04 06:00:00,36.9,125.75,0.3,200.8
2020-03-04 07:00:00,36.9,125.75,0.2,240.4
2020-03-04 08:00:00,36.94,125.7,4.5,295.8
2020-03-04 09:00:00,36.94,125.6,0.3,178.6
2020-03-04 10:00:00,36.94,125.6,0.4,37.2
2020-03-04 11:00:00,36.94,125.6,0.3,37.3
2020-03-04 12:00:00,36.94,125.7,0.3,179.0
2020-03-04 13:00:00,36.94,125.7,0.5,205.9
2020-03-04 14:00:00,36.94,125.7,1.2,338.5
2020-03-04 15:00:00,36.94,125.7,0.6,111.7
2020-03-04 16:00:00,36.94,125.7,0.7,213.4
2020-03-04 17:00:00,36.94,125.7,0.9,156.5
2020-03-04 18:00:00,36.94,125.7,0.3,314.8
2020-03-04 19:00:00,36.94,125.7,1.0,117.4
2020-03-04 20:00:00,36.94,125.7,1.2,158.1
2020-03-04 21:00:00,36.94,125.7,0.6,13.8
2020-03-04 22:00:00,36.94,125.7,1.1,142.8
2020-03-04 23:00:00,36.94,125.7,0.4,19.4
2020-03-05 00:00:00,36.94,125.7,1.2,9.2
2020-03-05 01:00:00,36.94,125.7,0.9,274.0
2020-03-05 02:00:00,36.94,125.7,1.1,315.5
2020-03-05 03:00:00,36.94,125.7,1.0,305.0
2020-03-05 04:00:00,36.94,125.7,0.4,250.2
2020-03-05 05:00:00,36.94,125.7,1.3,1.3
2020-03-05 06:00:00,36.94,125.7,0.4,6.7
2020-03-05 07:00:00,36.94,125.7,0.3,94.5
2020-03-05 08:00:00,36.94,125.7,0.2,123.9
2020-03-05 09:00:00,36.94,125.7,0.2,253.2
2020-03-05 10:00:00,36.94,125.7,0.4,157.2
2020-03-05 11:00:00,36.94,125.7,0.3,299.2
2020-03-05 12:00:00,36.94,125.7,0.3,294.5
2020-03-05 13:00:00,36.94,125.7,0.1,43.0
2020-03-05 14:00:00,36.94,125.7,0.3,193.8
2020-03-05 15:00:00,36.94,125.7,0.3,145.1
2020-03-05 16:00:00,36.94,125.7,0.3,111.8
2020-03-05 17:00:00,36.94,125.7,0.1,176.6
2020-03-05 18:00:00,36.94,125.7,0.4,14.1
2020-03-05 19:00:00,36.88,125.5,13.4,203.5
2020-03-05 20:00:00,36.78,125.44,1.1,137.5
2020-03-05 21:00:00,36.78,125.44,1.1,121.8
2020-03-05 22:00:00,36.75,125.44,0.8,110.1
2020-03-05 23:00:00,36.75,125.5,0.6,103.8
2020-03-06 00:00:00,36.75,125.5,0.5,102.4
2020-03-06 01:00:00,36.75,125.5,0.2,116.3
2020-03-06 02:00:00,36.8,125.6,12.2,70.5
2020-03-06 03:00:00,36.9,125.9,13.7,60.5
2020-03-06 04:00:00,37.0,126.2,13.6,58.4
2020-03-06 05:00:00,37.12,126.4,13.3,44.2
2020-03-06 06:00:00,37.06,126.6,14.2,131.4
2020-03-06 07:00:00,36.97,126.8,2.6,27.3
2020-03-06 08:00:00,36.97,126.8,0.0,9.3
2020-03-06 09:00:00,36.97,126.8,0.0,9.3
2020-03-06 10:00:00,36.97,126.8,0.0,9.3
2020-03-06 11:00:00,36.97,126.8,0.0,9.3
2020-03-06 12:00:00,36.97,126.8,0.0,9.3
2020-03-06 13:00:00,36.97,126.8,0.0,9.3
2020-03-06 14:00:00,36.97,126.8,0.0,9.3
2020-03-06 15:00:00,36.97,126.8,0.0,9.3
2020-03-06 16:00:00,36.97,126.8,0.0,9.3
2020-03-06 17:00:00,36.97,126.8,12.0,298.0
2020-03-06 18:00:00,37.12,126.56,14.5,303.5
2020-03-06 19:00:00,37.1,126.3,15.2,217.4
2020-03-06 20:00:00,36.97,126.06,14.1,246.6
2020-03-06 21:00:00,36.88,125.8,13.6,235.4
2020-03-06 22:00:00,36.88,125.56,13.6,301.5
2020-03-06 23:00:00,37.0,125.3,13.4,301.5
2020-03-07 00:00:00,37.12,125.06,13.8,297.8
2020-03-07 01:00:00,37.22,124.8,14.1,298.0
2020-03-07 02:00:00,37.34,124.56,14.4,298.8
2020-03-07 03:00:00,37.47,124.3,14.7,299.0
2020-03-07 04:00:00,37.6,124.0,14.6,303.5
2020-03-07 05:00:00,37.72,123.75,14.5,299.5
2020-03-07 06:00:00,37.8,123.5,14.4,298.0
2020-03-07 07:00:00,37.94,123.25,14.0,297.8
2020-03-07 08:00:00,38.03,123.06,13.8,306.0
2020-03-07 09:00:00,38.1,122.94,13.1,308.2
2020-03-07 10:00:00,38.25,122.7,12.766,309.5
2020-03-07 11:00:00,38.44,122.44,12.44,310.5
2020-03-07 12:00:00,38.6,122.2,12.1,311.8
2020-03-07 13:00:00,38.7,122.06,12.0,312.8
2020-03-07 14:00:00,38.84,122.0,8.7,293.2
2020-03-07 15:00:00,39.0,121.9,5.4,273.8
2020-03-07 16:00:00,39.0,121.9,0.0,212.8
2020-03-07 17:00:00,39.0,121.9,0.0,212.8
2020-03-07 18:00:00,39.0,121.9,0.0,212.8
2020-03-07 19:00:00,39.0,121.9,0.0,212.8
2020-03-07 20:00:00,39.0,121.9,0.0,212.8
2020-03-07 21:00:00,39.0,121.9,0.0,212.8
2020-03-07 22:00:00,39.0,121.9,0.0,212.8
2020-03-07 23:00:00,39.0,121.9,0.0,212.8
2020-03-08 00:00:00,39.0,121.9,0.0,212.8
2020-03-08 01:00:00,39.0,121.9,0.0,212.8
2020-03-08 02:00:00,39.0,121.9,0.1,264.8
2020-03-08 03:00:00,39.0,121.9,0.1,291.2
2020-03-08 04:00:00,39.0,121.9,0.0,302.0
2020-03-08 05:00:00,39.0,121.9,0.2,278.5
2020-03-08 06:00:00,39.0,121.9,0.1,200.2
2020-03-08 07:00:00,39.0,121.9,0.0,122.0
2020-03-08 08:00:00,39.0,121.9,0.0,209.6
2020-03-08 09:00:00,39.0,121.9,0.0,297.2
2020-03-08 10:00:00,39.0,121.9,8.6,80.4
2020-03-08 11:00:00,38.97,121.94,12.5,166.5
2020-03-08 12:00:00,38.66,122.1,11.7,134.1
2020-03-08 13:00:00,38.5,122.3,11.8,133.2
2020-03-08 14:00:00,38.38,122.5,11.7,131.5
2020-03-08 15:00:00,38.25,122.6,11.2,131.2
2020-03-08 16:00:00,38.12,122.8,10.7,131.1
2020-03-08 17:00:00,38.03,123.0,10.3,121.1
2020-03-08 18:00:00,37.94,123.2,10.2,121.7
2020-03-08 19:00:00,37.88,123.4,10.5,120.2
2020-03-08 20:00:00,37.75,123.56,11.0,120.7
2020-03-08 21:00:00,37.66,123.75,12.2,128.8
2020-03-08 22:00:00,37.53,124.0,2.9,173.8
2020-03-08 23:00:00,37.53,124.0,1.2,143.2
2020-03-09 00:00:00,37.5,124.0,1.1,140.6
2020-03-09 01:00:00,37.5,124.0,0.6,123.4
2020-03-09 02:00:00,37.5,124.0,0.3,59.2
2020-03-09 03:00:00,37.5,124.0,0.8,345.0
2020-03-09 04:00:00,37.44,124.2,11.4,113.6
2020-03-09 05:00:00,37.38,124.44,11.9,114.4
2020-03-09 06:00:00,37.28,124.6,12.3,117.3
2020-03-09 07:00:00,37.2,124.9,12.6,119.3
2020-03-09 08:00:00,37.1,125.1,12.2,117.7
2020-03-09 09:00:00,37.0,125.3,12.9,117.8
2020-03-09 10:00:00,36.88,125.56,13.2,118.9
2020-03-09 11:00:00,36.9,125.8,13.2,69.9
2020-03-09 12:00:00,36.97,126.06,13.5,68.5
2020-03-09 13:00:00,37.1,126.3,13.6,40.2
2020-03-09 14:00:00,37.1,126.56,13.4,122.1
2020-03-09 15:00:00,37.0,126.8,11.4,107.5
2020-03-09 16:00:00,36.97,126.8,0.0,95.8
2020-03-09 17:00:00,36.97,126.8,0.0,95.8
2020-03-09 18:00:00,36.97,126.8,0.0,95.8
2020-03-09 19:00:00,36.97,126.8,0.1,338.0
2020-03-09 20:00:00,36.97,126.8,0.0,331.8
2020-03-09 21:00:00,36.97,126.8,0.1,206.4
2020-03-09 22:00:00,36.97,126.8,0.0,185.6
2020-03-09 23:00:00,36.97,126.8,0.0,185.6
2020-03-10 00:00:00,36.97,126.8,0.0,185.6
2020-03-10 01:00:00,36.97,126.8,0.0,191.2
2020-03-10 02:00:00,36.97,126.8,0.0,197.8
2020-03-10 03:00:00,36.97,126.8,0.0,197.8
2020-03-10 04:00:00,36.97,126.8,0.0,197.8
2020-03-10 05:00:00,36.97,126.8,0.0,197.8
2020-03-10 06:00:00,36.97,126.8,0.0,197.8
2020-03-10 07:00:00,36.97,126.8,3.5,318.8
2020-03-10 08:00:00,37.1,126.6,14.0,308.5
2020-03-10 09:00:00,37.12,126.3,16.0,209.9
2020-03-10 10:00:00,36.97,126.06,13.9,237.9
2020-03-10 11:00:00,36.88,125.8,12.0,252.2
2020-03-10 12:00:00,36.88,125.6,11.0,300.8
2020-03-10 13:00:00,36.97,125.44,10.4,302.2
2020-03-10 14:00:00,37.06,125.25,10.0,300.2
2020-03-10 15:00:00,37.16,125.06,10.5,296.2
2020-03-10 16:00:00,37.22,124.9,10.4,296.8
2020-03-10 17:00:00,37.28,124.7,9.2,270.5
2020-03-10 18:00:00,37.28,124.5,10.1,274.5
2020-03-10 19:00:00,37.28,124.25,11.1,276.2
2020-03-10 20:00:00,37.34,124.06,10.9,303.5
2020-03-10 21:00:00,37.44,123.9,10.0,301.8
2020-03-10 22:00:00,37.53,123.7,9.1,299.0
2020-03-10 23:00:00,37.56,123.5,8.1,296.8
2020-03-11 00:00:00,37.6,123.44,10.5,307.5
2020-03-11 01:00:00,37.7,123.4,9.914,307.0
2020-03-11 02:00:00,37.75,123.25,9.336,306.5
2020-03-11 03:00:00,37.8,123.2,8.75,306.2
2020-03-11 04:00:00,37.9,123.06,8.164,305.8
2020-03-11 05:00:00,38.0,123.0,7.582,305.2
2020-03-11 06:00:00,38.06,122.94,7.0,304.8
2020-03-11 07:00:00,38.12,122.8,6.418,304.5
2020-03-11 08:00:00,38.22,122.75,5.832,304.0
2020-03-11 09:00:00,38.3,122.6,5.25,303.5
2020-03-11 10:00:00,38.38,122.56,4.668,303.0
2020-03-11 11:00:00,38.44,122.5,4.082,302.5
2020-03-11 12:00:00,38.53,122.4,3.5,302.2
2020-03-11 13:00:00,38.62,122.3,2.916,301.8
2020-03-11 14:00:00,38.7,122.25,2.334,301.2
2020-03-11 15:00:00,38.75,122.1,1.75,300.8
2020-03-11 16:00:00,38.84,122.06,1.167,300.5
2020-03-11 17:00:00,38.94,121.94,0.5835,300.0
2020-03-11 18:00:00,39.0,121.9,0.0,299.5
2020-03-11 19:00:00,39.0,121.9,0.0,299.5
2020-03-11 20:00:00,39.0,121.9,0.0,299.5
2020-03-11 21:00:00,39.0,121.94,12.3,148.5
2020-03-11 22:00:00,38.8,121.94,11.6,174.1
2020-03-11 23:00:00,38.62,122.0,11.4,164.2
2020-03-12 00:00:00,38.53,122.0,1.1,241.4
2020-03-12 01:00:00,38.56,122.0,1.4,316.8
2020-03-12 02:00:00,38.56,121.94,1.4,333.5
2020-03-12 03:00:00,38.56,121.94,12.0,156.9
2020-03-12 04:00:00,38.28,122.1,12.4,166.0
2020-03-12 05:00:00,38.1,122.1,11.6,200.6
2020-03-12 06:00:00,38.06,122.1,11.62,192.5
2020-03-12 07:00:00,38.03,122.2,11.64,184.4
2020-03-12 08:00:00,38.0,122.2,11.66,176.2
2020-03-12 09:00:00,37.97,122.25,11.67,168.1
2020-03-12 10:00:00,37.94,122.25,11.695,160.0
2020-03-12 11:00:00,37.9,122.3,11.71,152.0
2020-03-12 12:00:00,37.88,122.3,11.734,143.9
2020-03-12 13:00:00,37.84,122.4,11.75,135.8
2020-03-12 14:00:00,37.8,122.4,11.766,127.6
2020-03-12 15:00:00,37.78,122.4,11.79,119.5
2020-03-12 16:00:00,37.75,122.44,11.805,111.4
2020-03-12 17:00:00,37.72,122.44,11.83,103.25
2020-03-12 18:00:00,37.7,122.5,11.84,95.1
2020-03-12 19:00:00,37.66,122.5,11.86,87.06
2020-03-12 20:00:00,37.62,122.56,11.88,78.94
2020-03-12 21:00:00,37.6,122.56,11.9,70.8
2020-03-12 22:00:00,37.53,122.9,12.18,78.25
2020-03-12 23:00:00,37.47,123.1,12.46,85.6
2020-03-13 00:00:00,37.4,123.44,12.734,93.06
2020-03-13 01:00:00,37.34,123.7,13.016,100.44
2020-03-13 02:00:00,37.28,124.0,13.3,107.9
2020-03-13 03:00:00,37.22,124.25,13.0,101.8
2020-03-13 04:00:00,37.16,124.5,13.7,106.9
2020-03-13 05:00:00,37.1,124.8,13.3,106.7
2020-03-13 06:00:00,37.03,125.06,12.7,107.4
2020-03-13 07:00:00,36.97,125.3,12.5,111.6
2020-03-13 08:00:00,36.88,125.56,12.3,123.4
2020-03-13 09:00:00,36.88,125.75,10.6,67.7
2020-03-13 10:00:00,36.94,125.94,10.2,71.6
2020-03-13 11:00:00,37.0,126.2,11.2,62.6
2020-03-13 12:00:00,37.12,126.4,11.0,38.4
2020-03-13 13:00:00,37.1,126.56,13.2,124.9
2020-03-13 14:00:00,36.97,126.8,8.8,124.7
2020-03-13 15:00:00,36.97,126.8,0.0,92.5
2020-03-13 16:00:00,36.97,126.8,0.0,92.5
2020-03-13 17:00:00,36.97,126.8,0.0,92.5
2020-03-13 18:00:00,36.97,126.8,0.0,92.5
2020-03-13 19:00:00,36.97,126.8,0.0,92.5
2020-03-13 20:00:00,36.97,126.8,0.1,92.5
2020-03-13 21:00:00,36.97,126.8,0.1,92.5
2020-03-13 22:00:00,36.97,126.8,0.0,323.2
2020-03-13 23:00:00,36.97,126.8,0.0,323.2
2020-03-14 00:00:00,36.97,126.8,0.0,323.2
2020-03-14 01:00:00,36.97,126.8,0.1,323.2
2020-03-14 02:00:00,36.97,126.8,0.0,323.2
2020-03-14 03:00:00,36.97,126.8,0.0,328.0
2020-03-14 04:00:00,36.97,126.8,0.0,328.0
2020-03-14 05:00:00,36.97,126.8,0.0,328.0
2020-03-14 06:00:00,37.06,126.6,13.1,314.0
2020-03-14 07:00:00,37.12,126.44,13.5,253.1
2020-03-14 08:00:00,37.0,126.2,14.1,240.2
2020-03-14 09:00:00,36.9,125.94,14.8,250.6
2020-03-14 10:00:00,36.84,125.6,14.2,297.5
2020-03-14 11:00:00,36.97,125.4,13.9,301.8
2020-03-14 12:00:00,37.1,125.1,13.3,303.0
2020-03-14 13:00:00,37.22,124.94,12.4,301.0
2020-03-14 14:00:00,37.3,124.7,11.7,295.5
2020-03-14 15:00:00,37.38,124.5,11.6,294.2
2020-03-14 16:00:00,37.47,124.25,11.9,297.5
2020-03-14 17:00:00,37.56,124.0,12.5,299.0
2020-03-14 18:00:00,37.66,123.8,13.0,299.5
2020-03-14 19:00:00,37.78,123.56,13.6,297.2
2020-03-14 20:00:00,37.88,123.3,14.0,298.8
2020-03-14 21:00:00,38.0,123.0,14.4,297.8
2020-03-14 22:00:00,38.12,122.75,14.7,315.2
2020-03-14 23:00:00,38.28,122.56,14.4,314.5
2020-03-15 00:00:00,38.44,122.3,13.9,313.5
2020-03-15 01:00:00,38.62,122.1,13.6,314.8
2020-03-15 02:00:00,38.78,121.94,13.4,341.0
2020-03-15 03:00:00,38.94,121.94,7.0,8.6
2020-03-15 04:00:00,39.0,121.9,0.2,221.8
2020-03-15 05:00:00,39.0,121.9,0.0,243.8
2020-03-15 06:00:00,39.0,121.9,0.0,243.8
2020-03-15 07:00:00,39.0,121.9,0.0,246.4
2020-03-15 08:00:00,39.0,121.9,0.0,248.9
2020-03-15 09:00:00,39.0,121.9,0.0,251.5
2020-03-15 10:00:00,39.0,121.9,0.0,254.1
2020-03-15 11:00:00,39.0,121.9,0.0,256.8
2020-03-15 12:00:00,39.0,121.9,0.0,259.2
2020-03-15 13:00:00,39.0,121.9,0.0,261.8
2020-03-15 14:00:00,39.0,121.9,0.0,264.5
2020-03-15 15:00:00,39.0,121.9,0.0,267.0
2020-03-15 16:00:00,39.0,121.9,0.0,269.5
2020-03-15 17:00:00,39.0,121.9,0.0,272.2
2020-03-15 18:00:00,39.0,121.9,0.0,274.8
2020-03-15 19:00:00,39.0,121.9,0.0,277.2
2020-03-15 20:00:00,39.0,121.9,0.0,280.0
2020-03-15 21:00:00,39.0,121.9,0.0,282.5
2020-03-15 22:00:00,39.0,121.9,0.0,285.0
2020-03-15 23:00:00,39.0,121.9,0.0,287.8
2020-03-16 00:00:00,39.0,121.9,0.0,290.2
2020-03-16 01:00:00,39.0,121.9,0.0,292.8
2020-03-16 02:00:00,39.0,121.9,0.0,295.5
2020-03-16 03:00:00,39.0,121.9,0.0,298.0
2020-03-16 04:00:00,39.0,121.9,0.0,300.5
2020-03-16 05:00:00,39.0,121.9,0.0,303.2
2020-03-16 06:00:00,39.0,121.9,0.0,305.8
2020-03-16 07:00:00,39.0,121.9,0.0,308.2
2020-03-16 08:00:00,39.0,121.9,0.0,311.0
2020-03-16 09:00:00,39.0,121.9,0.0,313.5
2020-03-16 10:00:00,39.0,121.9,0.0,313.5
2020-03-16 11:00:00,39.0,121.9,0.0,289.0
2020-03-16 12:00:00,39.0,121.9,0.1,297.5
2020-03-16 13:00:00,38.9,121.94,2.68,265.2
2020-03-16 14:00:00,38.84,122.0,5.26,233.0
2020-03-16 15:00:00,38.75,122.06,7.84,200.9
2020-03-16 16:00:00,38.7,122.1,10.42,168.6
2020-03-16 17:00:00,38.6,122.2,13.0,136.4
2020-03-16 18:00:00,38.44,122.4,13.2,130.8
2020-03-16 19:00:00,38.3,122.56,12.984,127.56
2020-03-16 20:00:00,38.22,122.8,12.766,124.3
2020-03-16 21:00:00,38.12,123.0,12.55,121.1
2020-03-16 22:00:00,38.0,123.2,12.336,117.94
2020-03-16 23:00:00,37.88,123.44,12.12,114.7
2020-03-17 00:00:00,37.78,123.6,11.9,111.5
2020-03-17 01:00:00,37.62,123.9,12.3,124.6
2020-03-17 02:00:00,37.53,124.1,12.7,119.9
2020-03-17 03:00:00,37.44,124.4,13.2,117.4
2020-03-17 04:00:00,37.3,124.6,14.0,120.2
2020-03-17 05:00:00,37.22,124.9,14.1,118.4
2020-03-17 06:00:00,37.1,125.1,14.1,115.4
2020-03-17 07:00:00,37.0,125.4,13.5,115.1
2020-03-17 08:00:00,36.97,125.7,12.4,85.9
2020-03-17 09:00:00,36.97,125.7,0.2,305.5
2020-03-17 10:00:00,36.97,125.7,0.4,255.5
2020-03-17 11:00:00,36.97,125.7,0.2,243.9
2020-03-17 12:00:00,36.97,125.7,0.2,195.2
2020-03-17 13:00:00,36.97,125.7,0.3,324.8
2020-03-17 14:00:00,36.97,125.7,0.2,126.4
2020-03-17 15:00:00,36.94,125.7,0.2,321.2
2020-03-17 16:00:00,36.94,125.7,0.2,227.2
2020-03-17 17:00:00,36.94,125.7,0.1,249.2
2020-03-17 18:00:00,36.94,125.7,0.1,235.9
2020-03-17 19:00:00,36.94,125.7,0.1,79.0
2020-03-17 20:00:00,36.94,125.7,0.1,254.0
2020-03-17 21:00:00,36.97,125.7,0.1,265.0
2020-03-17 22:00:00,36.97,125.7,0.1,177.4
2020-03-17 23:00:00,36.97,125.7,0.2,243.9
2020-03-18 00:00:00,36.94,125.7,0.3,185.2
2020-03-18 01:00:00,36.94,125.7,0.1,261.5
2020-03-18 02:00:00,36.94,125.7,0.1,263.0
2020-03-18 03:00:00,36.94,125.7,0.1,75.1
2020-03-18 04:00:00,36.94,125.7,0.1,55.5
2020-03-18 05:00:00,36.94,125.7,0.1,9.4
2020-03-18 06:00:00,36.94,125.7,0.1,270.0
2020-03-18 07:00:00,36.94,125.7,0.1,235.0
2020-03-18 08:00:00,36.88,125.6,11.0,127.0
2020-03-18 09:00:00,36.88,125.9,12.2,69.9
2020-03-18 10:00:00,36.97,126.06,12.0,73.1
2020-03-18 11:00:00,37.06,126.3,12.9,46.2
2020-03-18 12:00:00,37.12,126.3,10.5,216.2
2020-03-18 13:00:00,37.12,126.4,10.6,36.3
2020-03-18 14:00:00,37.12,126.56,10.4,119.6
2020-03-18 15:00:00,37.0,126.7,10.1,132.2
2020-03-18 16:00:00,36.97,126.8,0.4,42.3
2020-03-18 17:00:00,36.97,126.8,0.0,341.0
2020-03-18 18:00:00,36.97,126.8,0.0,341.0
2020-03-18 19:00:00,36.97,126.8,0.0,341.0
2020-03-18 20:00:00,36.97,126.8,0.0,300.2
2020-03-18 21:00:00,36.97,126.8,0.0,300.2
2020-03-18 22:00:00,36.97,126.8,0.0,300.2
2020-03-18 23:00:00,36.97,126.8,0.0,300.2
2020-03-19 00:00:00,36.97,126.8,0.0,300.2
2020-03-19 01:00:00,36.97,126.8,0.0,300.2
2020-03-19 02:00:00,36.97,126.8,0.0,300.2
2020-03-19 03:00:00,36.97,126.8,0.0,300.2
2020-03-19 04:00:00,36.97,126.8,0.0,300.2
2020-03-19 05:00:00,36.97,126.8,0.0,300.2
2020-03-19 06:00:00,36.97,126.8,0.0,300.2
2020-03-19 07:00:00,36.97,126.8,0.0,300.2
2020-03-19 08:00:00,36.97,126.8,0.0,300.2
2020-03-19 09:00:00,36.97,126.8,0.0,300.2
2020-03-19 10:00:00,36.97,126.8,0.0,300.2
2020-03-19 11:00:00,36.97,126.8,0.0,300.2
2020-03-19 12:00:00,36.97,126.8,0.1,133.2
2020-03-19 13:00:00,36.97,126.8,0.1,133.2
2020-03-19 14:00:00,36.97,126.8,0.1,142.4
2020-03-19 15:00:00,36.97,126.8,0.1,142.4
2020-03-19 16:00:00,36.97,126.8,0.1,151.0
2020-03-19 17:00:00,36.97,126.8,0.1,160.6
2020-03-19 18:00:00,36.97,126.8,0.1,163.6
2020-03-19 19:00:00,36.97,126.8,0.0,163.6
2020-03-19 20:00:00,36.97,126.8,0.1,163.6
2020-03-19 21:00:00,36.97,126.8,0.0,163.6
2020-03-19 22:00:00,36.97,126.8,0.0,163.6
2020-03-19 23:00:00,36.97,126.8,0.0,163.6
2020-03-20 00:00:00,36.97,126.8,0.0,163.6
2020-03-20 01:00:00,36.97,126.8,0.0,163.6
2020-03-20 02:00:00,36.97,126.8,0.0,163.6
2020-03-20 03:00:00,36.97,126.8,0.0,163.6
2020-03-20 04:00:00,36.97,126.8,0.1,163.6
2020-03-20 05:00:00,36.97,126.8,0.0,163.6
2020-03-20 06:00:00,36.97,126.8,0.0,263.5
2020-03-20 07:00:00,36.97,126.8,0.0,263.5
2020-03-20 08:00:00,36.97,126.8,0.0,263.5
2020-03-20 09:00:00,36.97,126.8,0.0,263.5
2020-03-20 10:00:00,36.97,126.8,0.0,297.0
2020-03-20 11:00:00,36.97,126.8,0.0,297.0
2020-03-20 12:00:00,36.97,126.8,0.0,297.0
2020-03-20 13:00:00,36.97,126.8,0.0,297.0
2020-03-20 14:00:00,37.06,126.7,14.0,315.8
2020-03-20 15:00:00,37.16,126.44,13.1,272.5
2020-03-20 16:00:00,37.0,126.2,14.3,231.9
2020-03-20 17:00:00,36.94,125.94,14.9,246.8
2020-03-20 18:00:00,36.88,125.6,14.9,297.8
2020-03-20 19:00:00,37.0,125.4,14.3,297.5
2020-03-20 20:00:00,37.1,125.1,13.8,296.5
2020-03-20 21:00:00,37.22,124.9,13.2,297.2
2020-03-20 22:00:00,37.3,124.6,12.9,296.0
2020-03-20 23:00:00,37.44,124.4,13.1,303.2
2020-03-21 00:00:00,37.53,124.1,13.3,296.2
2020-03-21 01:00:00,37.62,123.9,13.6,297.2
2020-03-21 02:00:00,37.75,123.6,14.3,302.2
2020-03-21 03:00:00,37.88,123.4,14.6,298.5
2020-03-21 04:00:00,38.0,123.06,14.8,299.5
2020-03-21 05:00:00,38.12,122.8,14.7,309.2
2020-03-21 06:00:00,38.28,122.6,14.5,310.5
2020-03-21 07:00:00,38.44,122.4,13.6,312.0
2020-03-21 08:00:00,38.6,122.2,12.5,314.0
2020-03-21 09:00:00,38.75,122.0,11.8,335.2
2020-03-21 10:00:00,38.88,121.94,2.0,350.0
2020-03-21 11:00:00,38.9,122.0,0.8,133.8
2020-03-21 12:00:00,38.9,122.0,0.3,161.8
2020-03-21 13:00:00,38.9,122.0,0.2,98.4
2020-03-21 14:00:00,38.9,122.0,0.1,13.7
2020-03-21 15:00:00,38.9,122.0,0.1,357.5
2020-03-21 16:00:00,38.94,121.94,12.4,341.2
2020-03-21 17:00:00,39.0,121.9,0.4,214.4
2020-03-21 18:00:00,39.0,121.9,0.1,307.8
2020-03-21 19:00:00,39.0,121.9,0.1,307.8
2020-03-21 20:00:00,39.0,121.9,0.0,307.8
2020-03-21 21:00:00,39.0,121.9,0.0,307.8
2020-03-21 22:00:00,39.0,121.9,0.0,307.8
2020-03-21 23:00:00,39.0,121.9,0.1,301.2
2020-03-22 00:00:00,39.0,121.9,0.1,284.5
2020-03-22 01:00:00,39.0,121.9,0.0,293.0
2020-03-22 02:00:00,39.0,121.9,0.1,300.5
2020-03-22 03:00:00,38.97,121.94,11.4,177.9
2020-03-22 04:00:00,38.8,122.0,11.55,154.8
2020-03-22 05:00:00,38.62,122.1,11.7,131.8
2020-03-22 06:00:00,38.5,122.3,11.6,130.5
2020-03-22 07:00:00,38.38,122.5,11.5,133.0
2020-03-22 08:00:00,38.25,122.6,11.65,130.1
2020-03-22 09:00:00,38.1,122.8,11.8,127.3
2020-03-22 10:00:00,38.0,123.06,12.1,125.2
2020-03-22 11:00:00,37.88,123.25,12.4,118.9
2020-03-22 12:00:00,37.78,123.5,12.4,119.2
2020-03-22 13:00:00,37.7,123.75,12.1,115.4
2020-03-22 14:00:00,37.62,123.94,11.6,118.2
2020-03-22 15:00:00,37.66,123.8,11.4,301.0
2020-03-22 16:00:00,37.7,123.8,11.3,121.2
2020-03-22 17:00:00,37.6,124.0,11.0,121.1
2020-03-22 18:00:00,37.5,124.2,11.0,119.2
2020-03-22 19:00:00,37.4,124.44,11.3,116.6
2020-03-22 20:00:00,37.3,124.6,11.9,117.6
2020-03-22 21:00:00,37.22,124.9,11.9,118.0
2020-03-22 22:00:00,37.12,125.06,13.2,130.2
2020-03-22 23:00:00,37.03,125.3,12.9,118.2
2020-03-23 00:00:00,36.9,125.56,12.5,119.1
2020-03-23 01:00:00,36.88,125.8,13.2,79.1
2020-03-23 02:00:00,36.97,126.06,12.7,71.1
2020-03-23 03:00:00,37.06,126.3,12.5,57.0
2020-03-23 04:00:00,37.16,126.5,11.7,89.4
2020-03-23 05:00:00,37.03,126.7,11.7,142.1
2020-03-23 06:00:00,36.97,126.8,1.6,18.9
2020-03-23 07:00:00,36.97,126.8,0.0,56.0
2020-03-23 08:00:00,36.97,126.8,0.0,319.5
2020-03-23 09:00:00,36.97,126.8,0.0,307.2
2020-03-23 10:00:00,36.97,126.8,0.0,307.2
2020-03-23 11:00:00,36.97,126.8,0.0,307.2
2020-03-23 12:00:00,36.97,126.8,0.0,307.2
2020-03-23 13:00:00,36.97,126.8,0.0,307.2
2020-03-23 14:00:00,36.97,126.8,0.0,307.2
2020-03-23 15:00:00,36.97,126.8,0.0,307.2
2020-03-23 16:00:00,36.97,126.8,0.0,307.2
2020-03-23 17:00:00,37.03,126.7,13.9,322.2
2020-03-23 18:00:00,37.16,126.44,14.5,270.0
2020-03-23 19:00:00,37.0,126.2,14.8,230.5
2020-03-23 20:00:00,36.9,125.94,15.9,238.8
2020-03-23 21:00:00,36.84,125.6,13.3,297.0
2020-03-23 22:00:00,36.97,125.4,12.9,300.5
2020-03-23 23:00:00,37.06,125.2,12.0,302.8
2020-03-24 00:00:00,37.16,125.0,12.3,299.8
2020-03-24 01:00:00,37.28,124.75,12.4,299.5
2020-03-24 02:00:00,37.38,124.5,12.9,295.0
2020-03-24 03:00:00,37.47,124.25,13.4,298.2
2020-03-24 04:00:00,37.6,124.0,14.1,300.2
2020-03-24 05:00:00,37.7,123.75,14.4,295.0
2020-03-24 06:00:00,37.8,123.5,14.5,299.0
2020-03-24 07:00:00,37.9,123.2,14.8,299.0
2020-03-24 08:00:00,38.03,122.94,13.1,310.5
2020-03-24 09:00:00,38.16,122.75,12.9,312.8
2020-03-24 10:00:00,38.3,122.56,12.4,315.5
2020-03-24 11:00:00,38.47,122.4,12.4,311.2
2020-03-24 12:00:00,38.6,122.1,12.4,314.5
2020-03-24 13:00:00,38.75,122.0,11.8,344.5
2020-03-24 14:00:00,38.94,121.94,8.5,353.0
2020-03-24 15:00:00,39.0,121.9,0.0,273.0
2020-03-24 16:00:00,39.0,121.9,0.0,273.0
2020-03-24 17:00:00,39.0,121.9,0.1,242.8
2020-03-24 18:00:00,39.0,121.9,0.0,273.0
2020-03-24 19:00:00,39.0,121.9,0.0,292.5
2020-03-24 20:00:00,39.0,121.9,0.0,283.2
2020-03-24 21:00:00,39.0,121.9,0.0,283.2
2020-03-24 22:00:00,39.0,121.9,0.0,283.2
2020-03-24 23:00:00,39.0,121.9,0.05,288.0
2020-03-25 00:00:00,39.0,121.9,0.1,292.5
2020-03-25 01:00:00,39.0,121.9,0.0,291.8
2020-03-25 02:00:00,39.0,121.9,0.2,305.0
2020-03-25 03:00:00,39.0,121.9,0.0,304.0
2020-03-25 04:00:00,39.0,121.9,0.0,289.8
2020-03-25 05:00:00,38.97,121.94,8.4,176.4
2020-03-25 06:00:00,38.75,122.0,12.2,164.2
2020-03-25 07:00:00,38.6,122.2,12.4,134.0
2020-03-25 08:00:00,38.47,122.4,11.7,132.1
2020-03-25 09:00:00,38.34,122.5,11.3,132.4
2020-03-25 10:00:00,38.22,122.7,11.9,132.5
2020-03-25 11:00:00,38.1,122.9,11.3,127.8
2020-03-25 12:00:00,37.97,123.06,11.8,120.4
2020-03-25 13:00:00,37.88,123.3,11.9,115.9
2020-03-25 14:00:00,37.8,123.44,12.0,114.1
2020-03-25 15:00:00,37.7,123.75,11.7,117.7
2020-03-25 16:00:00,37.62,124.0,11.0,118.1
2020-03-25 17:00:00,37.53,124.2,10.3,125.6
2020-03-25 18:00:00,37.53,124.1,10.5,260.2
2020-03-25 19:00:00,37.47,124.25,9.9,121.4
2020-03-25 20:00:00,37.38,124.44,10.2,119.6
2020-03-25 21:00:00,37.28,124.7,10.8,117.7
2020-03-25 22:00:00,37.22,124.9,11.3,114.0
2020-03-25 23:00:00,37.12,125.06,12.1,117.5
2020-03-26 00:00:00,37.03,125.3,12.7,119.1
2020-03-26 01:00:00,36.94,125.56,11.9,123.8
2020-03-26 02:00:00,36.88,125.75,13.4,78.2
2020-03-26 03:00:00,36.97,126.06,13.2,75.0
2020-03-26 04:00:00,37.06,126.3,12.9,57.7
2020-03-26 05:00:00,37.12,126.5,9.6,96.2
2020-03-26 06:00:00,37.0,126.7,12.6,142.6
2020-03-26 07:00:00,36.97,126.8,0.0,13.8
2020-03-26 08:00:00,36.97,126.8,0.1,348.2
2020-03-26 09:00:00,36.97,126.8,0.0,357.0
2020-03-26 10:00:00,36.97,126.8,0.0,201.6
2020-03-26 11:00:00,36.97,126.8,0.0,201.6
2020-03-26 12:00:00,36.97,126.8,0.0,201.6
2020-03-26 13:00:00,36.97,126.8,0.1,185.8
2020-03-26 14:00:00,36.97,126.8,0.0,279.0
2020-03-26 15:00:00,36.97,126.8,0.0,279.0
2020-03-26 16:00:00,36.97,126.8,0.0,279.0
2020-03-26 17:00:00,36.97,126.8,0.0,279.0
2020-03-26 18:00:00,36.97,126.8,0.0,279.0
2020-03-26 19:00:00,36.97,126.8,0.0,279.0
2020-03-26 20:00:00,36.97,126.8,0.0,279.0
2020-03-26 21:00:00,36.97,126.8,0.0,290.2
2020-03-26 22:00:00,36.97,126.8,0.0,320.2
2020-03-26 23:00:00,37.0,126.8,12.7,286.5
2020-03-27 00:00:00,37.12,126.56,12.5,299.8
2020-03-27 01:00:00,37.12,126.4,11.5,219.1
2020-03-27 02:00:00,37.0,126.2,10.4,250.8
2020-03-27 03:00:00,36.94,126.0,10.5,249.1
2020-03-27 04:00:00,36.88,125.8,11.0,268.0
2020-03-27 05:00:00,36.9,125.56,11.6,297.5
2020-03-27 06:00:00,37.0,125.4,11.0,296.0
2020-03-27 07:00:00,37.1,125.1,11.3,298.2
2020-03-27 08:00:00,37.16,124.94,10.7,285.0
2020-03-27 09:00:00,37.2,124.75,9.6,279.0
2020-03-27 10:00:00,37.22,124.56,7.8,300.2
2020-03-27 11:00:00,37.28,124.44,9.2,296.8
2020-03-27 12:00:00,37.38,124.25,5.4,300.2
2020-03-27 13:00:00,37.44,124.1,7.3,304.8
2020-03-27 14:00:00,37.5,124.0,8.2,304.0
2020-03-27 15:00:00,37.6,123.9,9.3,312.8
2020-03-27 16:00:00,37.66,123.7,9.6,302.8
2020-03-27 17:00:00,37.78,123.5,10.7,306.8
2020-03-27 18:00:00,37.88,123.3,11.5,299.2
2020-03-27 19:00:00,37.97,123.1,11.8,296.5
2020-03-27 20:00:00,38.06,122.94,12.0,313.0
2020-03-27 21:00:00,38.22,122.7,12.0,310.8
2020-03-27 22:00:00,38.34,122.5,11.9,309.5
2020-03-27 23:00:00,38.47,122.3,12.0,314.0
2020-03-28 00:00:00,38.6,122.2,12.2,314.5
2020-03-28 01:00:00,38.66,122.06,12.1,316.0
2020-03-28 02:00:00,38.66,122.06,11.35,298.5
2020-03-28 03:00:00,38.7,122.06,10.6,281.0
2020-03-28 04:00:00,38.7,122.06,9.85,263.8
2020-03-28 05:00:00,38.7,122.06,9.1,246.2
2020-03-28 06:00:00,38.72,122.06,8.35,228.8
2020-03-28 07:00:00,38.72,122.06,7.6,211.2
2020-03-28 08:00:00,38.72,122.06,6.85,193.9
2020-03-28 09:00:00,38.75,122.0,6.1,176.4
2020-03-28 10:00:00,38.75,122.0,5.35,159.0
2020-03-28 11:00:00,38.75,122.0,4.6,141.5
2020-03-28 12:00:00,38.75,122.0,3.85,124.06
2020-03-28 13:00:00,38.78,122.0,3.1,106.6
2020-03-28 14:00:00,38.78,122.0,2.35,89.2
2020-03-28 15:00:00,38.78,122.0,1.601,71.7
2020-03-28 16:00:00,38.8,122.0,0.85,54.25
2020-03-28 17:00:00,38.8,122.0,0.1,36.8
2020-03-28 18:00:00,38.8,122.0,0.0,291.8
2020-03-28 19:00:00,38.84,122.0,0.2,328.2
2020-03-28 20:00:00,38.84,122.0,0.3,174.8
2020-03-28 21:00:00,38.84,122.0,0.3,180.5
2020-03-28 22:00:00,38.84,122.0,0.5,167.9
2020-03-28 23:00:00,38.84,121.94,12.7,322.2
2020-03-29 00:00:00,39.0,121.9,2.0,265.5
2020-03-29 01:00:00,39.0,121.9,0.0,236.2
2020-03-29 02:00:00,39.0,121.9,0.0,236.2
2020-03-29 03:00:00,39.0,121.9,0.0,236.2
2020-03-29 04:00:00,39.0,121.9,0.0,236.2
2020-03-29 05:00:00,39.0,121.9,0.0,236.2
2020-03-29 06:00:00,39.0,121.9,0.0,236.2
2020-03-29 07:00:00,39.0,121.9,0.0,236.2
2020-03-29 08:00:00,39.0,121.9,0.0,236.2
2020-03-29 09:00:00,39.0,121.9,0.0,236.2
2020-03-29 10:00:00,39.0,121.9,0.0,299.5
2020-03-29 11:00:00,39.0,121.9,0.0,278.5
2020-03-29 12:00:00,39.0,121.9,0.0,278.5
2020-03-29 13:00:00,39.0,121.9,0.0,278.5
2020-03-29 14:00:00,39.0,121.9,0.0,278.5
2020-03-29 15:00:00,38.84,121.94,13.8,170.0
2020-03-29 16:00:00,38.66,122.1,13.8,133.9
2020-03-29 17:00:00,38.5,122.3,14.0,130.6
2020-03-29 18:00:00,38.3,122.44,13.5,123.7
2020-03-29 19:00:00,38.22,122.7,13.1,133.4
2020-03-29 20:00:00,38.06,122.94,12.8,139.2
2020-03-29 21:00:00,37.94,123.1,13.2,116.7
2020-03-29 22:00:00,37.88,123.44,13.4,107.8
2020-03-29 23:00:00,37.78,123.7,13.9,122.7
2020-03-30 00:00:00,37.66,123.94,14.6,126.8
2020-03-30 01:00:00,37.5,124.2,15.2,118.3
2020-03-30 02:00:00,37.38,124.44,15.5,117.7
2020-03-30 03:00:00,37.28,124.75,15.9,118.0
2020-03-30 04:00:00,37.12,125.06,15.5,113.8
2020-03-30 05:00:00,37.03,125.3,14.7,117.5
2020-03-30 06:00:00,36.9,125.56,14.1,116.6
2020-03-30 07:00:00,36.88,125.9,14.1,61.6
2020-03-30 08:00:00,36.97,126.1,13.9,73.4
2020-03-30 09:00:00,37.1,126.3,11.7,35.1
2020-03-30 10:00:00,37.12,126.56,12.3,114.8
2020-03-30 11:00:00,37.0,126.75,12.5,103.6
2020-03-30 12:00:00,36.97,126.8,0.0,353.5
2020-03-30 13:00:00,36.97,126.8,0.0,353.5
2020-03-30 14:00:00,36.97,126.8,0.1,353.5
2020-03-30 15:00:00,36.97,126.8,0.0,353.5
2020-03-30 16:00:00,36.97,126.8,0.0,353.5
2020-03-30 17:00:00,36.97,126.8,0.0,353.5
2020-03-30 18:00:00,36.97,126.8,0.0,353.5
2020-03-30 19:00:00,36.97,126.8,0.0,353.5
2020-03-30 20:00:00,36.97,126.8,0.0,353.5
2020-03-30 21:00:00,36.97,126.8,0.0,182.8
2020-03-30 22:00:00,36.97,126.8,6.9,304.8
2020-03-30 23:00:00,37.1,126.6,14.7,302.5
2020-03-31 00:00:00,37.1,126.3,15.6,217.4
2020-03-31 01:00:00,36.97,126.06,14.0,246.4
2020-03-31 02:00:00,36.88,125.8,12.9,241.2
2020-03-31 03:00:00,36.9,125.56,13.1,300.0
2020-03-31 04:00:00,37.03,125.3,13.1,298.5
2020-03-31 05:00:00,37.12,125.06,13.1,297.0
2020-03-31 06:00:00,37.22,124.8,13.5,296.8
2020-03-31 07:00:00,37.3,124.56,14.1,299.0
2020-03-31 08:00:00,37.44,124.3,14.4,297.2
2020-03-31 09:00:00,37.53,124.06,14.6,298.5
2020-03-31 10:00:00,37.66,123.75,14.4,294.8
2020-03-31 11:00:00,37.78,123.5,14.4,308.5
2020-03-31 12:00:00,37.88,123.25,13.4,290.2
2020-03-31 13:00:00,38.0,123.0,13.2,304.5
2020-03-31 14:00:00,38.12,122.8,12.6,312.5
2020-03-31 15:00:00,38.28,122.6,12.1,312.8
2020-03-31 16:00:00,38.4,122.44,12.2,312.5
2020-03-31 17:00:00,38.53,122.25,12.4,312.0
2020-03-31 18:00:00,38.6,122.1,11.3,337.8
2020-03-31 19:00:00,38.75,121.94,11.2,317.2
2020-03-31 20:00:00,38.94,121.94,8.7,353.0
2020-03-31 21:00:00,39.0,121.9,0.0,188.2
2020-03-31 22:00:00,39.0,121.9,0.0,188.2
2020-03-31 23:00:00,39.0,121.9,0.0,188.2
2020-04-01 00:00:00,39.0,121.9,0.0,188.2
2020-04-01 01:00:00,39.0,121.9,0.1,301.0
2020-04-01 02:00:00,39.0,121.9,0.0,301.0
2020-04-01 03:00:00,39.0,121.9,0.0,301.0
2020-04-01 04:00:00,39.0,121.9,0.0,301.0
2020-04-01 05:00:00,39.0,121.9,0.1,301.0
2020-04-01 06:00:00,39.0,121.9,0.0,301.0
2020-04-01 07:00:00,39.0,121.9,0.0,298.5
2020-04-01 08:00:00,39.0,121.9,0.0,298.5
2020-04-01 09:00:00,39.0,121.9,0.1,298.5
2020-04-01 10:00:00,39.0,121.9,0.0,298.5
2020-04-01 11:00:00,39.0,121.9,0.0,285.5
2020-04-01 12:00:00,39.0,121.9,0.0,272.8
2020-04-01 13:00:00,39.0,121.9,0.0,272.8
2020-04-01 14:00:00,39.0,121.9,0.0,272.8
2020-04-01 15:00:00,39.0,121.9,3.9,356.5
2020-04-01 16:00:00,39.0,121.94,13.3,124.4
2020-04-01 17:00:00,38.66,122.06,14.1,134.4
2020-04-01 18:00:00,38.5,122.3,14.4,131.2
2020-04-01 19:00:00,38.38,122.5,14.4,131.2
2020-04-01 20:00:00,38.16,122.75,14.3,130.6
2020-04-01 21:00:00,38.03,123.0,14.0,124.0
2020-04-01 22:00:00,37.9,123.25,13.7,120.5
2020-04-01 23:00:00,37.78,123.5,13.7,128.8
2020-04-02 00:00:00,37.7,123.75,13.7,116.7
2020-04-02 01:00:00,37.56,124.0,13.9,118.0
2020-04-02 02:00:00,37.47,124.25,14.2,114.8
2020-04-02 03:00:00,37.34,124.56,14.7,123.0
2020-04-02 04:00:00,37.22,124.8,14.8,119.9
2020-04-02 05:00:00,37.12,125.06,14.7,118.0
2020-04-02 06:00:00,37.0,125.4,14.3,116.5
2020-04-02 07:00:00,36.9,125.6,13.7,120.4
2020-04-02 08:00:00,36.9,125.9,14.6,71.8
2020-04-02 09:00:00,37.0,126.1,14.3,69.7
2020-04-02 10:00:00,37.12,126.4,11.4,45.2
2020-04-02 11:00:00,37.1,126.6,13.3,128.6
2020-04-02 12:00:00,36.97,126.8,8.6,127.8
2020-04-02 13:00:00,36.97,126.8,0.0,55.2
2020-04-02 14:00:00,36.97,126.8,0.0,55.2
2020-04-02 15:00:00,36.97,126.8,0.0,55.2
2020-04-02 16:00:00,36.97,126.8,0.0,178.8
2020-04-02 17:00:00,36.97,126.8,0.0,178.8
2020-04-02 18:00:00,36.97,126.8,0.0,178.8
2020-04-02 19:00:00,36.97,126.8,0.0,178.8
2020-04-02 20:00:00,36.97,126.8,0.0,178.8
2020-04-02 21:00:00,36.97,126.8,0.0,178.8
2020-04-02 22:00:00,36.97,126.8,0.2,252.5
2020-04-02 23:00:00,37.1,126.6,14.1,312.8
2020-04-03 00:00:00,37.12,126.4,14.5,221.0
2020-04-03 01:00:00,36.97,126.1,14.6,238.2
2020-04-03 02:00:00,36.88,125.8,14.7,244.2
2020-04-03 03:00:00,36.9,125.56,14.0,300.8
2020-04-03 04:00:00,37.03,125.3,13.7,296.5
2020-04-03 05:00:00,37.12,125.06,13.5,298.2
2020-04-03 06:00:00,37.25,124.8,13.3,298.5
2020-04-03 07:00:00,37.34,124.56,13.3,297.0
2020-04-03 08:00:00,37.44,124.3,13.5,292.8
2020-04-03 09:00:00,37.56,124.06,13.6,298.5
2020-04-03 10:00:00,37.66,123.8,13.9,297.5
2020-04-03 11:00:00,37.78,123.56,13.8,294.5
2020-04-03 12:00:00,37.88,123.3,13.9,292.8
2020-04-03 13:00:00,37.97,123.0,13.9,292.0
2020-04-03 14:00:00,38.16,122.8,14.1,317.2
2020-04-03 15:00:00,38.28,122.6,13.8,311.5
2020-04-03 16:00:00,38.44,122.4,13.6,311.0
2020-04-03 17:00:00,38.6,122.2,13.7,312.0
2020-04-03 18:00:00,38.75,122.0,13.2,331.8
2020-04-03 19:00:00,38.88,121.94,0.4,38.2
2020-04-03 20:00:00,38.88,121.94,0.1,21.2
2020-04-03 21:00:00,38.88,121.94,0.1,15.6
2020-04-03 22:00:00,38.88,121.94,0.1,184.2
2020-04-03 23:00:00,38.88,121.94,0.2,153.2
2020-04-04 00:00:00,38.88,121.94,0.2,207.9
2020-04-04 01:00:00,38.88,121.94,0.2,255.2
2020-04-04 02:00:00,38.88,121.94,0.2,273.8
2020-04-04 03:00:00,38.88,121.94,0.1,107.4
2020-04-04 04:00:00,38.88,121.94,0.1,206.0
2020-04-04 05:00:00,38.88,121.94,0.1083,214.9
2020-04-04 06:00:00,38.88,121.94,0.11664,223.8
2020-04-04 07:00:00,38.88,121.94,0.125,232.8
2020-04-04 08:00:00,38.88,121.94,0.1333,241.6
2020-04-04 09:00:00,38.88,121.94,0.1416,250.5
2020-04-04 10:00:00,38.88,121.94,0.1499,259.5
2020-04-04 11:00:00,38.88,121.94,0.1583,268.2
2020-04-04 12:00:00,38.88,121.94,0.1666,277.2
2020-04-04 13:00:00,38.88,121.94,0.1749,286.0
2020-04-04 14:00:00,38.88,121.94,0.1833,295.0
2020-04-04 15:00:00,38.88,121.94,0.1917,303.8
2020-04-04 16:00:00,38.88,121.94,0.2,312.8
2020-04-04 17:00:00,38.88,121.94,0.3,92.4
2020-04-04 18:00:00,38.88,121.94,0.2,7.0
2020-04-04 19:00:00,38.88,121.94,0.2,256.2
2020-04-04 20:00:00,38.88,121.94,0.1,221.6
2020-04-04 21:00:00,38.88,121.94,0.2,194.5
2020-04-04 22:00:00,38.88,121.94,0.6943,188.8
2020-04-04 23:00:00,38.88,121.94,1.188,182.9
2020-04-05 00:00:00,38.9,121.94,1.683,177.1
2020-04-05 01:00:00,38.9,121.94,2.178,171.4
2020-04-05 02:00:00,38.9,121.94,2.672,165.6
2020-04-05 03:00:00,38.9,121.94,3.166,159.8
2020-04-05 04:00:00,38.94,121.94,3.66,154.0
2020-04-05 05:00:00,38.94,121.94,4.152,148.2
2020-04-05 06:00:00,38.94,121.9,4.65,142.5
2020-04-05 07:00:00,38.94,121.9,5.14,136.6
2020-04-05 08:00:00,38.97,121.9,5.637,130.9
2020-04-05 09:00:00,38.97,121.9,6.13,125.1
2020-04-05 10:00:00,38.97,121.9,6.625,119.3
2020-04-05 11:00:00,38.97,121.9,7.117,113.56
2020-04-05 12:00:00,39.0,121.9,7.613,107.75
2020-04-05 13:00:00,39.0,121.9,8.11,102.0
2020-04-05 14:00:00,39.0,121.9,8.6,96.2
2020-04-05 15:00:00,38.8,122.0,13.6,167.5
2020-04-05 16:00:00,38.62,122.1,14.0,131.2
2020-04-05 17:00:00,38.47,122.4,13.6,133.9
2020-04-05 18:00:00,38.3,122.56,13.3,132.1
2020-04-05 19:00:00,38.16,122.75,13.3,131.4
2020-04-05 20:00:00,38.03,123.0,13.8,117.6
2020-04-05 21:00:00,37.9,123.25,14.3,120.9
2020-04-05 22:00:00,37.78,123.5,14.6,121.1
2020-04-05 23:00:00,37.66,123.75,14.9,120.9
2020-04-06 00:00:00,37.56,124.06,14.4,111.8
2020-04-06 01:00:00,37.47,124.3,14.1,112.3
2020-04-06 02:00:00,37.34,124.6,13.5,123.0
2020-04-06 03:00:00,37.25,124.8,13.1,120.6
2020-04-06 04:00:00,37.12,125.06,13.0,118.9
2020-04-06 05:00:00,37.03,125.3,13.1,121.0
2020-04-06 06:00:00,36.9,125.56,12.7,110.6
2020-04-06 07:00:00,36.9,125.8,12.9,73.3
2020-04-06 08:00:00,36.94,126.06,13.5,70.1
2020-04-06 09:00:00,37.06,126.3,13.6,47.6
2020-04-06 10:00:00,37.12,126.56,15.0,118.1
2020-04-06 11:00:00,37.0,126.8,10.6,105.2
2020-04-06 12:00:00,36.97,126.8,0.0,313.5
2020-04-06 13:00:00,36.97,126.8,0.0,313.5
2020-04-06 14:00:00,36.97,126.8,0.0,158.6
2020-04-06 15:00:00,36.97,126.8,0.0,158.6
2020-04-06 16:00:00,36.97,126.8,0.1,158.6
2020-04-06 17:00:00,36.97,126.8,0.0,158.6
2020-04-06 18:00:00,36.97,126.8,0.0,158.6
2020-04-06 19:00:00,36.97,126.8,0.0,158.6
2020-04-06 20:00:00,36.97,126.8,0.0,158.6
2020-04-06 21:00:00,36.97,126.8,0.0,158.6
2020-04-06 22:00:00,36.97,126.8,0.0,158.6
2020-04-06 23:00:00,37.06,126.6,13.8,313.2
2020-04-07 00:00:00,37.16,126.44,12.7,274.5
2020-04-07 01:00:00,37.03,126.2,11.9,240.6
2020-04-07 02:00:00,36.94,126.0,13.3,245.8
2020-04-07 03:00:00,36.88,125.7,14.8,264.5
2020-04-07 04:00:00,36.97,125.44,15.4,299.5
2020-04-07 05:00:00,37.1,125.1,15.8,297.0
2020-04-07 06:00:00,37.22,124.9,15.7,289.2
2020-04-07 07:00:00,37.34,124.56,15.2,298.0
2020-04-07 08:00:00,37.47,124.3,14.5,295.0
2020-04-07 09:00:00,37.56,124.0,13.8,299.0
2020-04-07 10:00:00,37.66,123.75,13.3,297.5
2020-04-07 11:00:00,37.78,123.56,12.2,296.8
2020-04-07 12:00:00,37.9,123.4,12.2,321.8
2020-04-07 13:00:00,38.06,123.2,13.1,296.0
2020-04-07 14:00:00,38.16,122.94,13.7,298.8
2020-04-07 15:00:00,38.22,122.8,13.9,300.0
2020-04-07 16:00:00,38.38,122.56,13.734,310.2
2020-04-07 17:00:00,38.56,122.25,13.56,320.8
2020-04-07 18:00:00,38.72,122.0,13.4,331.0
2020-04-07 19:00:00,38.88,122.0,0.7,182.4
2020-04-07 20:00:00,38.88,122.0,0.1,260.0
2020-04-07 21:00:00,38.88,122.0,0.1,260.0
2020-04-07 22:00:00,38.88,122.0,0.0,260.0
2020-04-07 23:00:00,38.88,122.0,0.0,260.0
2020-04-08 00:00:00,38.88,122.0,0.0,260.0
2020-04-08 01:00:00,38.88,122.0,0.1,260.0
2020-04-08 02:00:00,38.88,122.0,0.1,41.6
2020-04-08 03:00:00,38.88,122.0,0.1,171.8
2020-04-08 04:00:00,38.88,122.0,0.0,322.2
2020-04-08 05:00:00,38.88,122.0,0.1,49.7
2020-04-08 06:00:00,39.0,121.9,7.8,305.5
2020-04-08 07:00:00,39.0,121.9,0.0,205.8
2020-04-08 08:00:00,39.0,121.9,0.0,249.2
2020-04-08 09:00:00,39.0,121.9,0.0,254.6
2020-04-08 10:00:00,39.0,121.9,0.0,260.0
2020-04-08 11:00:00,39.0,121.9,0.0,265.5
2020-04-08 12:00:00,39.0,121.9,0.0,270.8
2020-04-08 13:00:00,39.0,121.9,0.0,276.2
2020-04-08 14:00:00,39.0,121.9,0.0,281.5
2020-04-08 15:00:00,39.0,121.9,0.0,287.0
2020-04-08 16:00:00,39.0,121.9,0.1,302.8
2020-04-08 17:00:00,39.0,121.9,0.0,302.8
2020-04-08 18:00:00,39.0,121.9,0.0,296.2
2020-04-08 19:00:00,39.0,121.9,0.3,285.8
2020-04-08 20:00:00,39.0,121.9,3.4,37.2
2020-04-08 21:00:00,38.84,122.0,8.5,85.0
2020-04-08 22:00:00,38.7,122.06,13.6,132.9
2020-04-08 23:00:00,38.5,122.3,13.6,119.3
2020-04-09 00:00:00,38.4,122.5,13.8,123.3
2020-04-09 01:00:00,38.22,122.9,14.6,128.8
2020-04-09 02:00:00,38.06,123.06,14.7,133.1
2020-04-09 03:00:00,37.94,123.4,14.2,117.9
2020-04-09 04:00:00,37.8,123.6,13.2,135.0
2020-04-09 05:00:00,37.7,123.8,12.5,132.1
2020-04-09 06:00:00,37.6,124.0,12.1,126.0
2020-04-09 07:00:00,37.47,124.25,12.3,118.4
2020-04-09 08:00:00,37.38,124.5,12.7,117.7
2020-04-09 09:00:00,37.28,124.7,13.7,119.9
2020-04-09 10:00:00,37.16,125.0,14.4,118.3
2020-04-09 11:00:00,37.06,124.94,1.9,152.8
2020-04-09 12:00:00,37.03,124.94,2.3,144.2
2020-04-09 13:00:00,37.0,125.0,2.1,137.6
2020-04-09 14:00:00,37.0,125.0,1.3,133.2
2020-04-09 15:00:00,36.97,125.06,0.6,122.9
2020-04-09 16:00:00,36.97,125.06,0.1,171.6
2020-04-09 17:00:00,36.97,125.06,0.5,266.8
2020-04-09 18:00:00,36.97,125.0,0.8,255.1
2020-04-09 19:00:00,36.97,125.0,1.1,237.2
2020-04-09 20:00:00,36.94,125.0,1.2,217.2
2020-04-09 21:00:00,36.94,125.0,6.7,53.3
2020-04-09 22:00:00,36.94,125.2,11.1,85.4
2020-04-09 23:00:00,36.94,125.44,11.6,100.4
2020-04-10 00:00:00,36.88,125.7,12.5,117.9
2020-04-10 01:00:00,36.9,125.94,12.7,65.2
2020-04-10 02:00:00,37.0,126.2,13.6,68.3
2020-04-10 03:00:00,37.12,126.4,12.6,39.4
2020-04-10 04:00:00,37.12,126.56,14.0,112.6
2020-04-10 05:00:00,37.0,126.75,11.9,103.7
2020-04-10 06:00:00,36.97,126.8,0.0,309.5
2020-04-10 07:00:00,36.97,126.8,0.0,309.5
2020-04-10 08:00:00,36.97,126.8,0.0,326.8
2020-04-10 09:00:00,36.97,126.8,0.0,292.2
2020-04-10 10:00:00,36.97,126.8,0.0,295.0
2020-04-10 11:00:00,36.97,126.8,0.0,295.0
2020-04-10 12:00:00,36.97,126.8,0.0,295.0
2020-04-10 13:00:00,36.97,126.8,0.1,295.0
2020-04-10 14:00:00,36.97,126.8,0.0,295.0
2020-04-10 15:00:00,36.97,126.8,0.0,295.0
2020-04-10 16:00:00,36.97,126.8,0.1,295.0
2020-04-10 17:00:00,37.0,126.8,13.4,287.0
2020-04-10 18:00:00,37.12,126.56,14.1,298.8
2020-04-10 19:00:00,37.06,126.3,15.3,218.8
2020-04-10 20:00:00,36.94,126.0,15.9,246.9
2020-04-10 21:00:00,36.88,125.7,15.8,270.8
2020-04-10 22:00:00,36.88,125.4,14.0,307.8
2020-04-10 23:00:00,37.06,125.2,13.2,315.8
2020-04-11 00:00:00,37.16,124.94,12.9,297.8
2020-04-11 01:00:00,37.25,124.75,12.1,300.0
2020-04-11 02:00:00,37.38,124.5,12.3,300.0
2020-04-11 03:00:00,37.47,124.3,12.7,298.5
2020-04-11 04:00:00,37.56,124.06,13.4,298.5
2020-04-11 05:00:00,37.66,123.8,14.1,298.2
2020-04-11 06:00:00,37.78,123.5,14.7,298.8
2020-04-11 07:00:00,37.9,123.25,15.3,316.0
2020-04-11 08:00:00,38.16,123.1,15.2,330.2
2020-04-11 09:00:00,38.25,122.9,13.9,292.0
2020-04-11 10:00:00,38.34,122.56,13.7,286.0
2020-04-11 11:00:00,38.4,122.3,13.9,287.0
2020-04-11 12:00:00,38.56,122.1,13.6,324.5
2020-04-11 13:00:00,38.75,122.0,12.9,343.8
2020-04-11 14:00:00,38.88,121.94,5.2,296.5
2020-04-11 15:00:00,38.94,121.94,6.7,353.0
2020-04-11 16:00:00,39.0,121.9,0.0,307.0
2020-04-11 17:00:00,39.0,121.9,0.0,307.0
2020-04-11 18:00:00,39.0,121.9,0.1,297.2
2020-04-11 19:00:00,39.0,121.9,0.0,297.2
2020-04-11 20:00:00,39.0,121.9,0.0,309.0
2020-04-11 21:00:00,39.0,121.9,0.1,309.0
2020-04-11 22:00:00,39.0,121.9,0.0,294.8
2020-04-11 23:00:00,39.0,121.9,0.0,295.8
2020-04-12 00:00:00,39.0,121.9,0.0,295.8
2020-04-12 01:00:00,39.0,121.9,0.0,303.2
2020-04-12 02:00:00,39.0,121.9,0.0,294.5
2020-04-12 03:00:00,39.0,121.9,0.0,293.8
2020-04-12 04:00:00,39.0,121.9,0.0,251.2
2020-04-12 05:00:00,39.0,121.9,0.0,304.0
2020-04-12 06:00:00,39.0,121.9,0.0,299.2
2020-04-12 07:00:00,39.0,121.9,0.0,314.2
2020-04-12 08:00:00,38.94,121.94,11.2,172.4
2020-04-12 09:00:00,38.78,122.1,11.7,125.3
2020-04-12 10:00:00,38.62,122.3,11.0,108.8
2020-04-12 11:00:00,38.56,122.5,10.9,134.8
2020-04-12 12:00:00,38.44,122.6,10.8,139.5
2020-04-12 13:00:00,38.28,122.8,11.2,140.1
2020-04-12 14:00:00,38.12,122.94,11.9,138.2
2020-04-12 15:00:00,38.03,123.1,12.3,125.7
2020-04-12 16:00:00,37.88,123.4,12.5,127.2
2020-04-12 17:00:00,37.78,123.56,12.4,126.8
2020-04-12 18:00:00,37.66,123.75,11.9,124.3
2020-04-12 19:00:00,37.53,124.0,11.2,124.5
2020-04-12 20:00:00,37.44,124.2,11.0,123.0
2020-04-12 21:00:00,37.3,124.4,11.0,123.4
2020-04-12 22:00:00,37.22,124.56,10.5,125.3
2020-04-12 23:00:00,37.22,124.56,1.1,259.2
2020-04-13 00:00:00,37.22,124.5,0.9,208.9
2020-04-13 01:00:00,37.2,124.5,1.1,184.5
2020-04-13 02:00:00,37.2,124.5,1.3,170.4
2020-04-13 03:00:00,37.16,124.56,1.1,157.6
2020-04-13 04:00:00,37.12,124.56,0.8,143.4
2020-04-13 05:00:00,37.12,124.7,12.1,94.4
2020-04-13 06:00:00,37.1,124.94,12.9,96.6
2020-04-13 07:00:00,37.03,125.2,12.4,110.6
2020-04-13 08:00:00,36.97,125.4,12.0,135.1
2020-04-13 09:00:00,36.88,125.6,12.1,107.0
2020-04-13 10:00:00,36.9,125.9,11.7,81.2
2020-04-13 11:00:00,36.97,126.1,11.4,63.4
2020-04-13 12:00:00,37.06,126.3,11.4,59.7
2020-04-13 13:00:00,37.12,126.5,12.5,99.4
2020-04-13 14:00:00,37.0,126.7,13.4,135.6
2020-04-13 15:00:00,36.97,126.8,0.0,311.5
2020-04-13 16:00:00,36.97,126.8,0.0,311.5
2020-04-13 17:00:00,36.97,126.8,0.0,311.5
2020-04-13 18:00:00,36.97,126.8,0.0,311.5
2020-04-13 19:00:00,36.97,126.8,0.0,290.2
2020-04-13 20:00:00,36.97,126.8,0.0,307.0
2020-04-13 21:00:00,36.97,126.8,0.0,308.8
2020-04-13 22:00:00,36.97,126.8,0.0,317.8
2020-04-13 23:00:00,36.97,126.8,0.0,287.8
2020-04-14 00:00:00,36.97,126.8,0.0,287.8
2020-04-14 01:00:00,36.97,126.8,0.0,287.8
2020-04-14 02:00:00,36.97,126.8,0.0,305.0
2020-04-14 03:00:00,36.97,126.8,0.0,304.8
2020-04-14 04:00:00,36.97,126.8,0.0,304.8
2020-04-14 05:00:00,36.97,126.8,0.0,304.8
2020-04-14 06:00:00,36.97,126.8,0.0,304.8
2020-04-14 07:00:00,36.97,126.8,0.0,304.8
2020-04-14 08:00:00,36.97,126.8,0.0,304.8
2020-04-14 09:00:00,36.97,126.8,0.0,304.8
2020-04-14 10:00:00,36.97,126.8,0.0,349.8
2020-04-14 11:00:00,37.0,126.7,13.6,320.2
2020-04-14 12:00:00,37.16,126.5,13.7,275.0
2020-04-14 13:00:00,37.03,126.25,14.2,241.4
2020-04-14 14:00:00,36.94,126.0,13.2,247.1
2020-04-14 15:00:00,36.88,125.75,12.3,251.0
2020-04-14 16:00:00,36.94,125.56,12.2,319.5
2020-04-14 17:00:00,37.03,125.3,11.9,300.2
2020-04-14 18:00:00,37.12,125.06,12.1,299.8
2020-04-14 19:00:00,37.22,124.9,12.6,297.8
2020-04-14 20:00:00,37.3,124.6,12.9,298.0
2020-04-14 21:00:00,37.4,124.4,13.1,297.0
2020-04-14 22:00:00,37.53,124.1,13.4,301.2
2020-04-14 23:00:00,37.62,123.94,13.2,283.8
2020-04-15 00:00:00,37.72,123.6,13.2,298.8
2020-04-15 01:00:00,37.84,123.44,13.3,303.0
2020-04-15 02:00:00,37.94,123.2,12.7,297.5
2020-04-15 03:00:00,38.1,123.0,12.6,316.8
2020-04-15 04:00:00,38.2,122.8,12.0,307.0
2020-04-15 05:00:00,38.3,122.6,11.8,304.0
2020-04-15 06:00:00,38.44,122.4,11.8,311.8
2020-04-15 07:00:00,38.56,122.2,11.7,312.5
2020-04-15 08:00:00,38.62,122.1,12.5,306.5
2020-04-15 09:00:00,38.8,122.0,12.0,342.5
2020-04-15 10:00:00,38.84,121.94,0.1,317.8
2020-04-15 11:00:00,38.84,121.94,0.1,3.2
2020-04-15 12:00:00,38.84,121.94,0.1,1.0
2020-04-15 13:00:00,38.84,121.94,0.0,318.5
2020-04-15 14:00:00,38.84,121.94,0.1,172.2
2020-04-15 15:00:00,38.84,121.94,0.2,130.0
2020-04-15 16:00:00,38.84,121.94,0.3,87.6
2020-04-15 17:00:00,38.97,121.94,6.2,348.0
2020-04-15 18:00:00,38.97,121.94,7.2,317.2
2020-04-15 19:00:00,39.0,121.9,0.0,276.5
2020-04-15 20:00:00,39.0,121.9,0.0,284.8
2020-04-15 21:00:00,39.0,121.9,0.0,293.0
2020-04-15 22:00:00,39.0,121.9,0.0,293.0
2020-04-15 23:00:00,39.0,121.9,0.0,293.0
2020-04-16 00:00:00,39.0,121.9,0.0,293.0
2020-04-16 01:00:00,39.0,121.9,0.0,293.0
2020-04-16 02:00:00,39.0,121.9,0.0,290.0
2020-04-16 03:00:00,39.0,121.9,0.0,279.8
2020-04-16 04:00:00,39.0,121.9,0.0,282.0
2020-04-16 05:00:00,39.0,121.9,0.0,298.0
2020-04-16 06:00:00,39.0,121.9,0.1,289.8
2020-04-16 07:00:00,39.0,121.9,0.0,300.0
2020-04-16 08:00:00,38.9,121.94,12.5,169.5
2020-04-16 09:00:00,38.72,122.06,12.4,142.2
2020-04-16 10:00:00,38.56,122.2,12.4,132.2
2020-04-16 11:00:00,38.4,122.44,12.0,132.9
2020-04-16 12:00:00,38.34,122.5,12.0,132.5
2020-04-16 13:00:00,38.16,122.8,11.4,128.2
2020-04-16 14:00:00,38.03,123.0,11.6,128.6
2020-04-16 15:00:00,37.94,123.2,11.9,116.9
2020-04-16 16:00:00,37.94,123.25,11.9,117.4
2020-04-16 17:00:00,37.75,123.7,12.5,119.6
2020-04-16 18:00:00,37.66,123.9,12.9,120.5
2020-04-16 19:00:00,37.53,124.1,13.0,120.4
2020-04-16 20:00:00,37.44,124.4,13.3,120.0
2020-04-16 21:00:00,37.3,124.6,11.9,116.2
2020-04-16 22:00:00,37.22,124.8,11.9,116.8
2020-04-16 23:00:00,37.12,125.06,11.7,117.8
2020-04-17 00:00:00,37.06,125.25,11.4,119.5
2020-04-17 01:00:00,36.97,125.44,11.7,118.9
2020-04-17 02:00:00,36.88,125.7,11.4,116.6
2020-04-17 03:00:00,36.9,125.94,11.5,72.7
2020-04-17 04:00:00,36.97,126.1,11.4,68.3
2020-04-17 05:00:00,37.1,126.3,11.0,38.6
2020-04-17 06:00:00,37.12,126.56,11.2,119.2
2020-04-17 07:00:00,37.0,126.75,11.7,132.8
2020-04-17 08:00:00,36.97,126.8,0.0,74.9
2020-04-17 09:00:00,36.97,126.8,0.0,74.9
2020-04-17 10:00:00,36.97,126.8,0.0,74.9
2020-04-17 11:00:00,36.97,126.8,0.0,74.9
2020-04-17 12:00:00,36.97,126.8,0.0,74.9
2020-04-17 13:00:00,36.97,126.8,0.0,74.9
2020-04-17 14:00:00,36.97,126.8,0.0,74.9
2020-04-17 15:00:00,36.97,126.8,0.0,74.9
2020-04-17 16:00:00,36.97,126.8,0.0,74.9
2020-04-17 17:00:00,36.97,126.8,0.0,74.9
2020-04-17 18:00:00,36.97,126.8,0.0,74.9
2020-04-17 19:00:00,36.97,126.8,0.0,74.9
2020-04-17 20:00:00,36.97,126.8,0.0,302.0
2020-04-17 21:00:00,36.97,126.8,0.0,302.0
2020-04-17 22:00:00,36.97,126.8,0.0,302.0
2020-04-17 23:00:00,36.97,126.8,0.0,302.0
2020-04-18 00:00:00,36.97,126.8,0.0,302.0
2020-04-18 01:00:00,36.97,126.8,0.0,302.0
2020-04-18 02:00:00,37.1,126.6,14.0,313.8
2020-04-18 03:00:00,37.12,126.4,15.2,221.5
2020-04-18 04:00:00,36.97,126.1,15.0,252.0
2020-04-18 05:00:00,36.9,125.8,14.8,251.9
2020-04-18 06:00:00,36.94,125.5,14.1,304.0
2020-04-18 07:00:00,37.03,125.25,13.8,297.5
2020-04-18 08:00:00,37.16,125.0,13.8,297.0
2020-04-18 09:00:00,37.25,124.75,13.8,298.2
2020-04-18 10:00:00,37.34,124.5,14.3,298.2
2020-04-18 11:00:00,37.47,124.25,14.6,300.2
2020-04-18 12:00:00,37.56,123.94,14.5,297.0
2020-04-18 13:00:00,37.7,123.7,15.0,300.8
2020-04-18 14:00:00,37.8,123.44,15.1,300.8
2020-04-18 15:00:00,37.97,123.2,15.0,305.8
2020-04-18 16:00:00,38.1,122.94,14.9,291.5
2020-04-18 17:00:00,38.22,122.7,14.7,318.2
2020-04-18 18:00:00,38.4,122.44,14.8,311.0
2020-04-18 19:00:00,38.6,122.2,14.8,310.2
2020-04-18 20:00:00,38.75,121.94,13.6,318.2
2020-04-18 21:00:00,38.88,121.94,4.7,15.8
2020-04-18 22:00:00,39.0,121.9,3.0,266.5
2020-04-18 23:00:00,39.0,121.9,0.0,282.5
2020-04-19 00:00:00,39.0,121.9,0.0,282.5
2020-04-19 01:00:00,39.0,121.9,0.0,282.5
2020-04-19 02:00:00,39.0,121.9,0.0,282.5
2020-04-19 03:00:00,39.0,121.9,0.0,282.5
2020-04-19 04:00:00,39.0,121.9,0.0,282.5
2020-04-19 05:00:00,39.0,121.9,0.0,289.2
2020-04-19 06:00:00,39.0,121.9,0.0,316.5
2020-04-19 07:00:00,39.0,121.9,0.0,304.8
2020-04-19 08:00:00,39.0,121.9,0.0,304.8
2020-04-19 09:00:00,39.0,121.9,0.0,291.2
2020-04-19 10:00:00,39.0,121.9,0.0,310.8
2020-04-19 11:00:00,39.0,121.9,0.0,296.0
2020-04-19 12:00:00,39.0,121.9,0.0,288.0
2020-04-19 13:00:00,39.0,121.94,8.6,158.2
2020-04-19 14:00:00,38.84,121.94,13.2,170.2
2020-04-19 15:00:00,38.6,122.2,13.5,130.9
2020-04-19 16:00:00,38.47,122.44,12.9,123.7
2020-04-19 17:00:00,38.44,122.44,12.9,123.5
2020-04-19 18:00:00,38.2,122.9,12.9,132.8
2020-04-19 19:00:00,38.1,122.94,12.6,120.3
2020-04-19 20:00:00,37.97,123.3,13.4,102.8
2020-04-19 21:00:00,37.94,123.6,13.6,90.5
2020-04-19 22:00:00,37.78,123.8,14.8,163.9
2020-04-19 23:00:00,37.6,123.94,14.7,119.7
2020-04-20 00:00:00,37.47,124.25,14.6,116.0
2020-04-20 01:00:00,37.38,124.5,14.3,117.7
2020-04-20 02:00:00,37.25,124.75,13.9,117.3
2020-04-20 03:00:00,37.16,125.0,13.4,114.3
2020-04-20 04:00:00,37.03,125.25,13.0,119.1
2020-04-20 05:00:00,36.94,125.5,13.5,118.0
2020-04-20 06:00:00,36.88,125.75,12.7,73.5
2020-04-20 07:00:00,36.94,126.0,12.9,70.9
2020-04-20 08:00:00,37.03,126.25,13.0,53.3
2020-04-20 09:00:00,37.03,126.25,10.5,238.1
2020-04-20 10:00:00,36.97,126.06,9.9,266.0
2020-04-20 11:00:00,37.0,126.1,12.1,61.9
2020-04-20 12:00:00,37.1,126.3,12.4,37.4
2020-04-20 13:00:00,37.12,126.56,12.9,121.4
2020-04-20 14:00:00,37.0,126.75,12.0,103.8
2020-04-20 15:00:00,36.97,126.8,0.0,325.2
2020-04-20 16:00:00,36.97,126.8,0.0,325.2
2020-04-20 17:00:00,36.97,126.8,0.1,325.2
2020-04-20 18:00:00,36.97,126.8,0.0,325.2
2020-04-20 19:00:00,36.97,126.8,0.0,292.0
2020-04-20 20:00:00,36.97,126.8,0.0,313.0
2020-04-20 21:00:00,36.97,126.8,0.1,313.0
2020-04-20 22:00:00,36.97,126.8,0.0,313.0
2020-04-20 23:00:00,36.97,126.8,0.0,313.0
2020-04-21 00:00:00,36.97,126.8,0.0,313.0
2020-04-21 01:00:00,36.97,126.8,0.0,307.0
2020-04-21 02:00:00,36.97,126.8,0.0,1.2
2020-04-21 03:00:00,36.97,126.8,0.0,1.2
2020-04-21 04:00:00,36.97,126.8,0.0,1.2
2020-04-21 05:00:00,36.97,126.8,0.0,282.0
2020-04-21 06:00:00,37.06,126.7,14.0,313.8
2020-04-21 07:00:00,37.12,126.44,14.1,273.0
2020-04-21 08:00:00,37.0,126.2,14.6,237.0
2020-04-21 09:00:00,36.9,125.94,13.6,246.2
2020-04-21 10:00:00,36.88,125.7,11.6,301.8
2020-04-21 11:00:00,36.97,125.44,11.6,298.2
2020-04-21 12:00:00,37.06,125.25,11.1,296.5
2020-04-21 13:00:00,37.16,125.06,11.2,298.5
2020-04-21 14:00:00,37.25,124.8,11.5,297.2
2020-04-21 15:00:00,37.3,124.6,11.2,296.8
2020-04-21 16:00:00,37.4,124.44,10.7,298.5
2020-04-21 17:00:00,37.53,124.25,12.1,310.0
2020-04-21 18:00:00,37.62,124.0,11.7,286.5
2020-04-21 19:00:00,37.72,123.8,11.6,309.2
2020-04-21 20:00:00,37.8,123.6,10.0,278.0
2020-04-21 21:00:00,37.84,123.44,9.8,295.0
2020-04-21 22:00:00,37.94,123.25,9.0,308.0
2020-04-21 23:00:00,37.97,123.2,8.8,314.2
2020-04-22 00:00:00,38.0,123.1,8.445,307.5
2020-04-22 01:00:00,38.06,123.06,8.09,300.8
2020-04-22 02:00:00,38.1,123.0,7.742,294.0
2020-04-22 03:00:00,38.12,123.0,7.39,287.5
2020-04-22 04:00:00,38.2,122.94,7.04,280.8
2020-04-22 05:00:00,38.22,122.9,6.688,274.0
2020-04-22 06:00:00,38.25,122.8,6.332,267.2
2020-04-22 07:00:00,38.3,122.75,5.98,260.5
2020-04-22 08:00:00,38.34,122.7,5.63,253.9
2020-04-22 09:00:00,38.38,122.7,5.277,247.1
2020-04-22 10:00:00,38.44,122.6,4.926,240.5
2020-04-22 11:00:00,38.47,122.56,4.574,233.8
2020-04-22 12:00:00,38.5,122.5,4.223,227.0
2020-04-22 13:00:00,38.53,122.44,3.871,220.2
2020-04-22 14:00:00,38.6,122.4,3.52,213.6
2020-04-22 15:00:00,38.62,122.4,3.166,206.9
2020-04-22 16:00:00,38.66,122.3,2.814,200.1
2020-04-22 17:00:00,38.72,122.25,2.463,193.5
2020-04-22 18:00:00,38.75,122.2,2.111,186.8
2020-04-22 19:00:00,38.78,122.1,1.76,180.0
2020-04-22 20:00:00,38.84,122.06,1.407,173.4
2020-04-22 21:00:00,38.88,122.06,1.056,166.6
2020-04-22 22:00:00,38.9,122.0,0.7036,159.9
2020-04-22 23:00:00,38.97,121.94,0.3518,153.2
2020-04-23 00:00:00,39.0,121.9,0.0,146.5
2020-04-23 01:00:00,39.0,121.9,0.1,302.8
2020-04-23 02:00:00,39.0,121.9,0.0,283.5
2020-04-23 03:00:00,39.0,121.9,0.1,296.5
2020-04-23 04:00:00,39.0,121.9,0.0,319.5
2020-04-23 05:00:00,39.0,121.9,0.0,265.2
2020-04-23 06:00:00,39.0,121.9,0.0,297.2
2020-04-23 07:00:00,39.0,121.9,0.0,314.8
2020-04-23 08:00:00,39.0,121.9,0.1,260.2
2020-04-23 09:00:00,39.0,121.9,0.1,299.0
2020-04-23 10:00:00,39.0,121.9,0.0,302.0
2020-04-23 11:00:00,39.0,121.9,0.0,302.0
2020-04-23 12:00:00,39.0,121.9,6.6,1.9
2020-04-23 13:00:00,38.66,122.06,13.5,131.4
2020-04-23 14:00:00,38.56,122.2,13.9,140.5
2020-04-23 15:00:00,38.38,122.44,14.0,128.4
2020-04-23 16:00:00,38.2,122.75,13.7,131.8
2020-04-23 17:00:00,38.06,122.94,13.2,131.9
2020-04-23 18:00:00,37.97,123.2,13.0,117.1
2020-04-23 19:00:00,37.9,123.25,12.9,120.7
2020-04-23 20:00:00,37.75,123.6,12.9,117.5
2020-04-23 21:00:00,37.62,123.9,11.4,119.6
2020-04-23 22:00:00,37.53,124.1,12.1,124.1
2020-04-23 23:00:00,37.44,124.3,12.6,126.3
2020-04-24 00:00:00,37.3,124.56,12.9,118.0
2020-04-24 01:00:00,37.22,124.8,12.8,111.3
2020-04-24 02:00:00,37.16,125.0,12.4,114.4
2020-04-24 03:00:00,37.06,125.25,11.5,114.9
2020-04-24 04:00:00,36.97,125.44,10.5,137.2
2020-04-24 05:00:00,36.88,125.6,10.4,122.1
2020-04-24 06:00:00,36.8,125.9,10.5,110.8
2020-04-24 07:00:00,36.94,126.0,9.4,52.0
2020-04-24 08:00:00,37.0,126.2,9.6,62.3
2020-04-24 09:00:00,37.1,126.3,9.4,34.1
2020-04-24 10:00:00,37.12,126.5,10.7,100.7
2020-04-24 11:00:00,37.03,126.7,12.5,145.9
2020-04-24 12:00:00,36.97,126.8,0.0,34.8
2020-04-24 13:00:00,36.97,126.8,0.0,34.8
2020-04-24 14:00:00,36.97,126.8,0.0,34.8
2020-04-24 15:00:00,36.97,126.8,0.0,34.8
2020-04-24 16:00:00,36.97,126.8,0.0,34.8
2020-04-24 17:00:00,36.97,126.8,0.0,34.8
2020-04-24 18:00:00,36.97,126.8,0.0,34.8
2020-04-24 19:00:00,36.97,126.8,0.0,34.8
2020-04-24 20:00:00,36.97,126.8,0.0,34.8
2020-04-24 21:00:00,36.97,126.8,0.0,34.8
2020-04-24 22:00:00,36.97,126.8,0.0,34.8
2020-04-24 23:00:00,36.97,126.8,0.0,34.8
2020-04-25 00:00:00,36.97,126.8,0.0,34.8
2020-04-25 01:00:00,36.97,126.8,0.0,34.8
2020-04-25 02:00:00,36.97,126.8,0.0,34.8
2020-04-25 03:00:00,36.97,126.8,0.0,34.8
2020-04-25 04:00:00,36.97,126.8,0.0,34.8
2020-04-25 05:00:00,36.97,126.8,0.0,34.8
2020-04-25 06:00:00,36.97,126.8,0.0,34.8
2020-04-25 07:00:00,36.97,126.8,0.0,34.8
2020-04-25 08:00:00,36.97,126.8,0.1,272.0
2020-04-25 09:00:00,36.97,126.8,0.0,272.0
2020-04-25 10:00:00,36.97,126.8,0.0,272.0
2020-04-25 11:00:00,36.97,126.8,0.1,129.8
2020-04-25 12:00:00,36.97,126.8,0.0,272.0
2020-04-25 13:00:00,36.97,126.8,0.0,272.0
2020-04-25 14:00:00,36.97,126.8,0.0,272.0
2020-04-25 15:00:00,36.97,126.8,0.0,190.8
2020-04-25 16:00:00,36.97,126.8,10.4,297.8
2020-04-25 17:00:00,37.1,126.6,13.4,310.8
2020-04-25 18:00:00,37.12,126.4,14.2,216.8
2020-04-25 19:00:00,36.97,126.1,15.0,243.9
2020-04-25 20:00:00,36.88,125.8,15.3,249.8
2020-04-25 21:00:00,36.9,125.56,12.7,320.0
2020-04-25 22:00:00,37.03,125.3,13.5,302.0
2020-04-25 23:00:00,37.12,125.06,12.4,302.2
2020-04-26 00:00:00,37.22,124.8,12.1,291.0
2020-04-26 01:00:00,37.3,124.6,12.0,298.2
2020-04-26 02:00:00,37.4,124.44,12.2,303.5
2020-04-26 03:00:00,37.53,124.2,12.7,299.0
2020-04-26 04:00:00,37.62,123.94,13.2,309.8
2020-04-26 05:00:00,37.78,123.75,13.9,303.8
2020-04-26 06:00:00,37.84,123.44,14.3,291.8
2020-04-26 07:00:00,37.94,123.2,14.7,301.2
2020-04-26 08:00:00,38.06,122.9,14.9,310.8
2020-04-26 09:00:00,38.22,122.7,14.4,314.8
2020-04-26 10:00:00,38.38,122.44,13.7,313.0
2020-04-26 11:00:00,38.47,122.2,13.9,293.2
2020-04-26 12:00:00,38.62,122.0,13.2,350.0
2020-04-26 13:00:00,38.8,121.94,5.6,351.0
2020-04-26 14:00:00,39.0,121.94,11.3,309.5
2020-04-26 15:00:00,39.0,121.9,0.4,230.4
2020-04-26 16:00:00,39.0,121.9,0.0,162.6
2020-04-26 17:00:00,39.0,121.9,0.05,232.8
2020-04-26 18:00:00,39.0,121.9,0.1,302.8
2020-04-26 19:00:00,39.0,121.9,0.0,279.8
2020-04-26 20:00:00,39.0,121.9,0.0,293.2
2020-04-26 21:00:00,39.0,121.9,0.0,293.2
2020-04-26 22:00:00,39.0,121.9,0.0,293.2
2020-04-26 23:00:00,39.0,121.9,0.0,293.2
2020-04-27 00:00:00,39.0,121.9,0.0,293.2
2020-04-27 01:00:00,39.0,121.9,0.0,293.2
2020-04-27 02:00:00,39.0,121.9,0.0,294.5
2020-04-27 03:00:00,39.0,121.9,0.0,298.2
2020-04-27 04:00:00,39.0,121.9,0.0,288.8
2020-04-27 05:00:00,39.0,121.9,0.0,279.2
2020-04-27 06:00:00,39.0,121.9,0.0,184.5
2020-04-27 07:00:00,39.0,121.9,0.0,89.9
2020-04-27 08:00:00,38.88,121.94,13.2,163.2
2020-04-27 09:00:00,38.7,122.06,13.6,136.1
2020-04-27 10:00:00,38.53,122.25,13.1,121.5
2020-04-27 11:00:00,38.38,122.44,13.1,133.1
2020-04-27 12:00:00,38.22,122.7,13.4,137.0
2020-04-27 13:00:00,38.1,122.9,13.8,118.0
2020-04-27 14:00:00,37.97,123.1,14.4,123.9
2020-04-27 15:00:00,37.84,123.4,14.6,117.5
2020-04-27 16:00:00,37.72,123.7,13.6,120.1
2020-04-27 17:00:00,37.6,123.94,14.2,127.3
2020-04-27 18:00:00,37.5,124.2,12.7,117.8
2020-04-27 19:00:00,37.4,124.4,12.3,117.7
2020-04-27 20:00:00,37.3,124.6,12.0,119.4
2020-04-27 21:00:00,37.22,124.8,12.1,119.8
2020-04-27 22:00:00,37.12,125.06,12.5,118.4
2020-04-27 23:00:00,37.03,125.3,13.0,117.6
2020-04-28 00:00:00,36.9,125.56,13.4,111.7
2020-04-28 01:00:00,36.88,125.8,13.4,71.3
2020-04-28 02:00:00,36.94,126.06,13.7,74.4
2020-04-28 03:00:00,37.06,126.3,13.6,40.5
2020-04-28 04:00:00,37.12,126.56,13.2,120.7
2020-04-28 05:00:00,37.0,126.75,12.8,105.5
2020-04-28 06:00:00,36.97,126.8,0.0,58.3
2020-04-28 07:00:00,36.97,126.8,0.0,58.3
2020-04-28 08:00:00,36.97,126.8,0.0,174.5
2020-04-28 09:00:00,36.97,126.8,0.0,321.0
2020-04-28 10:00:00,36.97,126.8,0.0,321.0
2020-04-28 11:00:00,36.97,126.8,0.0,321.0
2020-04-28 12:00:00,36.97,126.8,0.0,321.0
2020-04-28 13:00:00,36.97,126.8,0.0,315.0
2020-04-28 14:00:00,36.97,126.8,0.0,315.0
2020-04-28 15:00:00,36.97,126.8,0.1,315.8
2020-04-28 16:00:00,36.97,126.8,0.0,315.0
2020-04-28 17:00:00,36.97,126.8,0.0,315.0
2020-04-28 18:00:00,36.97,126.8,0.0,307.2
2020-04-28 19:00:00,36.97,126.8,0.0,307.2
2020-04-28 20:00:00,36.97,126.8,0.0,307.2
2020-04-28 21:00:00,36.97,126.8,0.0,163.6
2020-04-28 22:00:00,36.97,126.8,1.5,311.5
2020-04-28 23:00:00,37.1,126.6,14.7,308.8
2020-04-29 00:00:00,37.1,126.3,15.4,220.2
2020-04-29 01:00:00,36.97,126.06,13.9,246.2
2020-04-29 02:00:00,36.88,125.8,12.9,246.6
2020-04-29 03:00:00,36.9,125.56,13.3,300.8
2020-04-29 04:00:00,37.0,125.3,13.1,298.0
2020-04-29 05:00:00,37.12,125.06,13.4,298.5
2020-04-29 06:00:00,37.22,124.8,13.8,297.5
2020-04-29 07:00:00,37.34,124.56,14.5,300.8
2020-04-29 08:00:00,37.47,124.3,14.8,301.0
2020-04-29 09:00:00,37.56,124.06,14.3,282.2
2020-04-29 10:00:00,37.7,123.75,14.6,295.2
2020-04-29 11:00:00,37.8,123.5,14.7,301.0
2020-04-29 12:00:00,37.88,123.2,14.4,304.0
2020-04-29 13:00:00,38.03,123.0,13.9,313.5
2020-04-29 14:00:00,38.2,122.75,13.8,302.5
2020-04-29 15:00:00,38.3,122.5,13.8,303.0
2020-04-29 16:00:00,38.47,122.3,13.9,316.8
2020-04-29 17:00:00,38.62,122.1,13.6,316.2
2020-04-29 18:00:00,38.8,121.94,13.9,338.2
2020-04-29 19:00:00,39.0,121.9,4.7,252.2
2020-04-29 20:00:00,39.0,121.9,0.0,287.8
2020-04-29 21:00:00,39.0,121.9,0.0,240.2
2020-04-29 22:00:00,39.0,121.9,0.1,240.2
2020-04-29 23:00:00,39.0,121.9,0.0,291.8
2020-04-30 00:00:00,39.0,121.9,0.0,292.8
2020-04-30 01:00:00,39.0,121.9,0.0,292.8
2020-04-30 02:00:00,39.0,121.9,0.1,292.5
2020-04-30 03:00:00,39.0,121.9,0.0,130.2
2020-04-30 04:00:00,39.0,121.9,0.0,118.8
2020-04-30 05:00:00,39.0,121.9,0.0,143.8
2020-04-30 06:00:00,38.94,121.94,8.7,180.4
2020-04-30 07:00:00,38.75,122.06,13.7,129.2
2020-04-30 08:00:00,38.56,122.25,13.1,164.4
2020-04-30 09:00:00,38.44,122.44,13.1,103.9
2020-04-30 10:00:00,38.34,122.5,12.8,159.2
2020-04-30 11:00:00,38.16,122.8,11.5,144.9
2020-04-30 12:00:00,38.03,123.0,11.6,118.7
2020-04-30 13:00:00,37.94,123.2,12.1,117.6
2020-04-30 14:00:00,37.88,123.4,12.4,107.5
2020-04-30 15:00:00,37.78,123.6,12.9,121.8
2020-04-30 16:00:00,37.72,123.7,12.9,120.3
2020-04-30 17:00:00,37.53,124.1,13.3,118.3
2020-04-30 18:00:00,37.4,124.4,11.6,120.1
2020-04-30 19:00:00,37.3,124.56,11.4,116.1
2020-04-30 20:00:00,37.25,124.8,11.2,118.3
2020-04-30 21:00:00,37.16,125.0,10.9,116.0
2020-04-30 22:00:00,37.06,125.2,10.6,114.2
2020-04-30 23:00:00,37.0,125.4,11.7,119.3
2020-05-01 00:00:00,36.88,125.6,11.8,119.7
2020-05-01 01:00:00,36.88,125.8,11.7,70.5
2020-05-01 02:00:00,36.94,126.06,12.1,69.5
2020-05-01 03:00:00,37.06,126.3,12.7,58.5
2020-05-01 04:00:00,37.12,126.5,11.3,88.6
2020-05-01 05:00:00,37.0,126.7,13.7,133.1
2020-05-01 06:00:00,36.97,126.8,0.0,14.7
2020-05-01 07:00:00,36.97,126.8,0.0,14.7
2020-05-01 08:00:00,36.97,126.8,0.0,14.7
2020-05-01 09:00:00,36.97,126.8,0.0,76.9
2020-05-01 10:00:00,36.97,126.8,0.0,76.9
2020-05-01 11:00:00,36.97,126.8,0.0,76.9
2020-05-01 12:00:00,36.97,126.8,0.0,76.9
2020-05-01 13:00:00,36.97,126.8,0.0,76.9
2020-05-01 14:00:00,36.97,126.8,0.0,76.9
2020-05-01 15:00:00,36.97,126.8,0.0,76.9
2020-05-01 16:00:00,36.97,126.8,0.0,76.9
2020-05-01 17:00:00,36.97,126.8,0.0,76.9
2020-05-01 18:00:00,36.97,126.8,0.0,76.9
2020-05-01 19:00:00,36.97,126.8,0.0,76.9
2020-05-01 20:00:00,36.97,126.8,0.0,303.0
2020-05-01 21:00:00,36.97,126.8,0.0,196.6
2020-05-01 22:00:00,36.97,126.8,0.0,196.6
2020-05-01 23:00:00,36.97,126.8,0.0,196.6
2020-05-02 00:00:00,36.97,126.8,0.0,196.6
2020-05-02 01:00:00,36.97,126.8,0.0,196.6
2020-05-02 02:00:00,36.97,126.8,0.0,320.2
2020-05-02 03:00:00,36.97,126.8,0.3,264.5
2020-05-02 04:00:00,37.1,126.6,14.4,312.0
2020-05-02 05:00:00,37.12,126.4,13.6,217.0
2020-05-02 06:00:00,36.97,126.1,13.4,253.4
2020-05-02 07:00:00,36.9,125.9,12.6,197.6
2020-05-02 08:00:00,36.88,125.6,13.7,272.5
2020-05-02 09:00:00,37.0,125.44,14.7,308.0
2020-05-02 10:00:00,37.1,125.1,14.7,292.0
2020-05-02 11:00:00,37.22,124.9,13.4,297.8
2020-05-02 12:00:00,37.3,124.6,13.3,301.0
2020-05-02 13:00:00,37.44,124.4,13.5,301.5
2020-05-02 14:00:00,37.56,124.1,14.3,304.2
2020-05-02 15:00:00,37.7,123.9,13.9,299.8
2020-05-02 16:00:00,37.8,123.6,14.1,299.5
2020-05-02 17:00:00,37.88,123.4,13.9,322.0
2020-05-02 18:00:00,37.97,123.06,13.8,292.2
2020-05-02 19:00:00,38.12,122.9,13.9,313.8
2020-05-02 20:00:00,38.28,122.6,14.1,313.5
2020-05-02 21:00:00,38.4,122.44,14.1,299.5
2020-05-02 22:00:00,38.56,122.25,14.0,1.1
2020-05-02 23:00:00,38.7,122.0,13.6,313.0
2020-05-03 00:00:00,38.7,122.0,12.93,308.2
2020-05-03 01:00:00,38.7,122.0,12.26,303.8
2020-05-03 02:00:00,38.7,122.0,11.59,299.0
2020-05-03 03:00:00,38.72,122.0,10.92,294.2
2020-05-03 04:00:00,38.72,122.0,10.25,289.8
2020-05-03 05:00:00,38.72,122.0,9.58,285.0
2020-05-03 06:00:00,38.72,122.0,8.914,280.2
2020-05-03 07:00:00,38.72,122.0,8.24,275.8
2020-05-03 08:00:00,38.72,122.0,7.57,271.0
2020-05-03 09:00:00,38.75,122.0,6.902,266.5
2020-05-03 10:00:00,38.75,122.0,6.23,261.8
2020-05-03 11:00:00,38.75,122.0,5.562,257.0
2020-05-03 12:00:00,38.75,122.0,4.89,252.4
2020-05-03 13:00:00,38.75,122.0,4.22,247.8
2020-05-03 14:00:00,38.75,122.0,3.55,243.0
2020-05-03 15:00:00,38.75,122.0,2.88,238.4
2020-05-03 16:00:00,38.78,122.0,2.21,233.8
2020-05-03 17:00:00,38.78,122.0,1.54,229.1
2020-05-03 18:00:00,38.78,122.0,0.87,224.4
2020-05-03 19:00:00,38.78,122.0,0.2,219.8
2020-05-03 20:00:00,38.78,122.0,0.1,196.2
2020-05-03 21:00:00,38.8,122.0,6.95,265.2
2020-05-03 22:00:00,38.84,122.0,13.8,334.2
2020-05-03 23:00:00,38.97,121.94,13.5,345.5
